,datetime,symbol,open,high,low,close,volume
0,2018-01-05 09:00:00,HOSE:HDB,18587.358268,18873.317626,17395.860943,18873.317626,67574446.0
1,2018-01-08 09:00:00,HOSE:HDB,19063.957198,19063.957198,18873.317626,18920.977519,39113430.0
2,2018-01-09 09:00:00,HOSE:HDB,18920.977519,18968.637412,18539.698375,18944.807465,20958792.0
3,2018-01-10 09:00:00,HOSE:HDB,18682.678054,19206.936877,18635.018161,19206.936877,24834442.0
4,2018-01-11 09:00:00,HOSE:HDB,19254.59677,20255.454523,19206.936877,20255.454523,23047678.0
5,2018-01-12 09:00:00,HOSE:HDB,20303.114416,21661.421366,20303.114416,21661.421366,41365491.0
6,2018-01-15 09:00:00,HOSE:HDB,21685.251312,21780.571098,20970.352917,21685.251312,19638773.0
7,2018-01-16 09:00:00,HOSE:HDB,21256.312275,21542.271633,21184.822436,21423.121901,18313300.0
8,2018-01-17 09:00:00,HOSE:HDB,21399.291954,21423.121901,20350.774309,20350.774309,19071066.0
9,2018-01-18 09:00:00,HOSE:HDB,20303.114416,20970.352917,19874.175379,20970.352917,13368345.0
10,2018-01-19 09:00:00,HOSE:HDB,21208.652382,21971.21067,21208.652382,21542.271633,15020615.0
11,2018-01-22 09:00:00,HOSE:HDB,21351.632061,21637.591419,21113.332596,21589.931526,9237031.0
12,2018-01-25 09:00:00,HOSE:HDB,21685.251312,23019.728316,21446.951847,22781.428851,37071356.0
13,2018-01-26 09:00:00,HOSE:HDB,22781.428851,22924.40853,22066.530456,22400.149707,11912950.0
14,2018-01-29 09:00:00,HOSE:HDB,22447.8096,22638.449172,22066.530456,22423.979654,13831626.0
15,2018-01-30 09:00:00,HOSE:HDB,22423.979654,22423.979654,21780.571098,22400.149707,12886997.0
16,2018-01-31 09:00:00,HOSE:HDB,22352.489814,22352.489814,21923.550777,22209.510135,18636107.0
17,2018-02-01 09:00:00,HOSE:HDB,22209.510135,22257.170028,21828.230991,21923.550777,8243113.0
18,2018-02-02 09:00:00,HOSE:HDB,21923.550777,21923.550777,21589.931526,21923.550777,9583696.0
19,2018-02-05 09:00:00,HOSE:HDB,21542.271633,21732.911205,20398.434202,20493.753988,11714606.0
20,2018-02-06 09:00:00,HOSE:HDB,19063.957198,19683.535807,19063.957198,19540.556128,9034891.0
21,2018-02-07 09:00:00,HOSE:HDB,20207.79463,20898.863078,20160.134737,20898.863078,14767698.0
22,2018-02-08 09:00:00,HOSE:HDB,20898.863078,21852.060938,20732.053452,21399.291954,21734026.0
23,2018-02-09 09:00:00,HOSE:HDB,20875.033131,21303.972168,20064.814951,21256.312275,8297961.0
24,2018-02-12 09:00:00,HOSE:HDB,21303.972168,22400.149707,21280.142222,22161.850242,9953943.0
25,2018-02-13 09:00:00,HOSE:HDB,22376.319761,22376.319761,21685.251312,22209.510135,11046686.0
26,2018-02-21 09:00:00,HOSE:HDB,22352.489814,22447.8096,21685.251312,22257.170028,7274877.0
27,2018-02-22 09:00:00,HOSE:HDB,22018.870563,22018.870563,21446.951847,21446.951847,9743746.0
28,2018-02-23 09:00:00,HOSE:HDB,21446.951847,22161.850242,21137.162543,21232.482329,6452843.0
29,2018-02-26 09:00:00,HOSE:HDB,21232.482329,21923.550777,20803.543292,20970.352917,4989685.0
30,2018-02-27 09:00:00,HOSE:HDB,21208.652382,21256.312275,20398.434202,21208.652382,3314190.0
31,2018-02-28 09:00:00,HOSE:HDB,20970.352917,21208.652382,20493.753988,21160.992489,6801082.0
32,2018-03-01 09:00:00,HOSE:HDB,20636.733667,20970.352917,20589.073774,20946.522971,5748585.0
33,2018-03-02 09:00:00,HOSE:HDB,20732.053452,20755.883399,20589.073774,20755.883399,3794886.0
34,2018-03-05 09:00:00,HOSE:HDB,20779.713345,20827.373238,20446.094095,20493.753988,5410900.0
35,2018-03-06 09:00:00,HOSE:HDB,20493.753988,20755.883399,20398.434202,20589.073774,5621810.0
36,2018-03-07 09:00:00,HOSE:HDB,20589.073774,20922.693024,20112.474844,20255.454523,6399731.0
37,2018-03-08 09:00:00,HOSE:HDB,20493.753988,20732.053452,19921.835272,20255.454523,4579823.0
38,2018-03-09 09:00:00,HOSE:HDB,20064.814951,20684.39356,19969.495165,20255.454523,5074788.0
39,2018-03-12 09:00:00,HOSE:HDB,20255.454523,20446.094095,20112.474844,20255.454523,2995263.0
40,2018-03-13 09:00:00,HOSE:HDB,20255.454523,20255.454523,20040.985004,20160.134737,3541633.0
41,2018-03-14 09:00:00,HOSE:HDB,20255.454523,21089.50265,20207.79463,20970.352917,18620205.0
42,2018-03-15 09:00:00,HOSE:HDB,20970.352917,21256.312275,20970.352917,21208.652382,9122470.0
43,2018-03-16 09:00:00,HOSE:HDB,21303.972168,21351.632061,21208.652382,21351.632061,6007773.0
44,2018-03-19 09:00:00,HOSE:HDB,21351.632061,21613.761473,21113.332596,21542.271633,27082540.0
45,2018-03-20 09:00:00,HOSE:HDB,21375.462008,21399.291954,20970.352917,20970.352917,5594535.0
46,2018-03-21 09:00:00,HOSE:HDB,20970.352917,21065.672703,20565.243827,20732.053452,4447406.0
47,2018-03-22 09:00:00,HOSE:HDB,20732.053452,20970.352917,20255.454523,20255.454523,6674940.0
48,2018-03-23 09:00:00,HOSE:HDB,20017.155058,20112.474844,19492.896235,20017.155058,4453806.0
49,2018-03-26 09:00:00,HOSE:HDB,19588.216021,20827.373238,19588.216021,20827.373238,8074376.0
50,2018-03-27 09:00:00,HOSE:HDB,20827.373238,21423.121901,20827.373238,21351.632061,9470873.0
51,2018-03-28 09:00:00,HOSE:HDB,21256.312275,21661.421366,21184.822436,21661.421366,8192882.0
52,2018-03-29 09:00:00,HOSE:HDB,21685.251312,22066.530456,21661.421366,21923.550777,7560486.0
53,2018-03-30 09:00:00,HOSE:HDB,21923.550777,21923.550777,21446.951847,21875.890884,11033425.0
54,2018-04-02 09:00:00,HOSE:HDB,21923.550777,21971.21067,21685.251312,21732.911205,4862660.0
55,2018-04-03 09:00:00,HOSE:HDB,21637.591419,21828.230991,21518.441687,21732.911205,4432822.0
56,2018-04-04 09:00:00,HOSE:HDB,21875.890884,22209.510135,21732.911205,22161.850242,12721575.0
57,2018-04-05 09:00:00,HOSE:HDB,22161.850242,22304.829921,22018.870563,22138.020296,7058721.0
58,2018-04-06 09:00:00,HOSE:HDB,22138.020296,22161.850242,21971.21067,22138.020296,8550375.0
59,2018-04-09 09:00:00,HOSE:HDB,22161.850242,23210.367888,22066.530456,23210.367888,26356603.0
60,2018-04-10 09:00:00,HOSE:HDB,23353.347567,24115.905855,23353.347567,24115.905855,25211236.0
61,2018-04-11 09:00:00,HOSE:HDB,24115.905855,24211.225641,23448.667353,23877.60639,13596943.0
62,2018-04-12 09:00:00,HOSE:HDB,23591.647032,23782.286604,23353.347567,23401.00746,9285771.0
63,2018-04-13 09:00:00,HOSE:HDB,23615.476979,23877.60639,23401.00746,23829.946497,8894688.0
64,2018-04-16 09:00:00,HOSE:HDB,23829.946497,24449.525106,23448.667353,24306.545427,20281495.0
65,2018-04-17 09:00:00,HOSE:HDB,24544.844892,24640.164678,24115.905855,24211.225641,4747511.0
66,2018-04-18 09:00:00,HOSE:HDB,24258.885534,24973.783929,24115.905855,24687.824571,14599465.0
67,2018-04-19 09:00:00,HOSE:HDB,24735.484464,24735.484464,23353.347567,23448.667353,16263695.0
68,2018-04-20 09:00:00,HOSE:HDB,23353.347567,23877.60639,23210.367888,23877.60639,6411552.0
69,2018-04-23 09:00:00,HOSE:HDB,23591.647032,23686.966818,22209.510135,22209.510135,12383995.0
70,2018-04-24 09:00:00,HOSE:HDB,21923.550777,22114.190349,20660.563613,21446.951847,6762916.0
71,2018-04-26 09:00:00,HOSE:HDB,21446.951847,21685.251312,19969.495165,20112.474844,7497097.0
72,2018-04-27 09:00:00,HOSE:HDB,20017.155058,20517.583934,19921.835272,20398.434202,3580870.0
73,2018-05-02 09:00:00,HOSE:HDB,20446.094095,20446.094095,19540.556128,20017.155058,3148198.0
74,2018-05-03 09:00:00,HOSE:HDB,19778.855593,20732.053452,19564.386074,20732.053452,5245813.0
75,2018-05-04 09:00:00,HOSE:HDB,20970.352917,20970.352917,20398.434202,20493.753988,13168963.0
76,2018-05-07 09:00:00,HOSE:HDB,20732.053452,20970.352917,20255.454523,20732.053452,15193536.0
77,2018-05-08 09:00:00,HOSE:HDB,20732.053452,20732.053452,20446.094095,20589.073774,2429272.0
78,2018-05-09 09:00:00,HOSE:HDB,20493.753988,20541.413881,20017.155058,20446.094095,1731140.0
79,2018-05-10 09:00:00,HOSE:HDB,20446.094095,20446.094095,19063.957198,19063.957198,2018026.0
80,2018-05-11 09:00:00,HOSE:HDB,19063.957198,19731.1957,18635.018161,19731.1957,1718781.0
81,2018-05-14 09:00:00,HOSE:HDB,19778.855593,20017.155058,19206.936877,19302.256663,1155603.0
82,2018-05-15 09:00:00,HOSE:HDB,19492.896235,19683.535807,19230.766823,19492.896235,3457810.0
83,2018-05-16 09:00:00,HOSE:HDB,19492.896235,19492.896235,18968.637412,19135.447037,2187581.0
84,2018-05-17 09:00:00,HOSE:HDB,19302.256663,19445.236342,19159.276984,19302.256663,4409156.0
85,2018-05-18 09:00:00,HOSE:HDB,19492.896235,19755.025646,19159.276984,19326.086609,3258376.0
86,2018-05-21 09:00:00,HOSE:HDB,19540.556128,19683.535807,19302.256663,19588.216021,3665031.0
87,2018-05-22 09:00:00,HOSE:HDB,19159.276984,19349.916556,18229.90907,18587.358268,2950320.0
88,2018-05-23 09:00:00,HOSE:HDB,18587.358268,18730.337947,17538.840622,17967.779659,2012676.0
89,2018-05-24 09:00:00,HOSE:HDB,18110.759338,18253.739017,16728.622441,16919.262013,4968641.0
90,2018-05-25 09:00:00,HOSE:HDB,16919.262013,17014.581799,16347.343297,16800.11228,7013022.0
91,2018-05-28 09:00:00,HOSE:HDB,16680.962548,16680.962548,15632.444902,15632.444902,6705950.0
92,2018-05-29 09:00:00,HOSE:HDB,16204.363618,16704.792494,15942.234207,16704.792494,8448485.0
93,2018-05-30 09:00:00,HOSE:HDB,17157.561478,17824.79998,16633.302655,17491.180729,9783822.0
94,2018-05-31 09:00:00,HOSE:HDB,17252.881264,18635.018161,17252.881264,18587.358268,3934626.0
95,2018-06-01 09:00:00,HOSE:HDB,18825.657733,19850.345432,18492.038482,19635.875914,6803957.0
96,2018-06-04 09:00:00,HOSE:HDB,19588.216021,20493.753988,19349.916556,20493.753988,5298185.0
97,2018-06-05 09:00:00,HOSE:HDB,20493.753988,20970.352917,20350.774309,20589.073774,4856448.0
98,2018-06-06 09:00:00,HOSE:HDB,20589.073774,20732.053452,20398.434202,20589.073774,3165721.0
99,2018-06-07 09:00:00,HOSE:HDB,20541.413881,21351.632061,20446.094095,21256.312275,4011798.0
100,2018-06-08 09:00:00,HOSE:HDB,21208.652382,21280.142222,20589.073774,20684.39356,2723776.0
101,2018-06-11 09:00:00,HOSE:HDB,20255.454523,20398.434202,19969.495165,19969.495165,4197573.0
102,2018-06-12 09:00:00,HOSE:HDB,19778.855593,19778.855593,18587.358268,19492.896235,4873005.0
103,2018-06-13 09:00:00,HOSE:HDB,19492.896235,20017.155058,19492.896235,19540.556128,793035.0
104,2018-06-14 09:00:00,HOSE:HDB,19778.855593,19778.855593,18682.678054,18682.678054,731451.0
105,2018-06-15 09:00:00,HOSE:HDB,18682.678054,18873.317626,18206.079124,18635.018161,2291401.0
106,2018-06-18 09:00:00,HOSE:HDB,18349.058803,18825.657733,17348.20105,17538.840622,2944570.0
107,2018-06-19 09:00:00,HOSE:HDB,16490.322976,17824.79998,16490.322976,17538.840622,6452425.0
108,2018-06-20 09:00:00,HOSE:HDB,15775.424581,17586.500515,15775.424581,17300.541157,3035337.0
109,2018-06-21 09:00:00,HOSE:HDB,17395.860943,17538.840622,17157.561478,17395.860943,853420.0
110,2018-06-22 09:00:00,HOSE:HDB,17395.860943,17824.79998,17157.561478,17824.79998,2401115.0
111,2018-06-25 09:00:00,HOSE:HDB,17967.779659,17991.609605,17729.480194,17777.140087,627758.0
112,2018-06-26 09:00:00,HOSE:HDB,17157.561478,17562.670568,17157.561478,17538.840622,896957.0
113,2018-06-27 09:00:00,HOSE:HDB,17538.840622,17824.79998,17252.881264,17252.881264,706902.0
114,2018-06-28 09:00:00,HOSE:HDB,17109.901585,17205.221371,16442.663083,16490.322976,1589321.0
115,2018-06-29 09:00:00,HOSE:HDB,16823.942227,17229.051317,16585.642762,17229.051317,2757703.0
116,2018-07-02 09:00:00,HOSE:HDB,17229.051317,17348.20105,16633.302655,17252.881264,1808688.0
117,2018-07-03 09:00:00,HOSE:HDB,17300.541157,17395.860943,16395.00319,16537.982869,5288678.0
118,2018-07-04 09:00:00,HOSE:HDB,16204.363618,16633.302655,16013.724046,16347.343297,2720837.0
119,2018-07-05 09:00:00,HOSE:HDB,16537.982869,16633.302655,15489.465223,15632.444902,4738803.0
120,2018-07-06 09:00:00,HOSE:HDB,15632.444902,16680.962548,15060.526186,16680.962548,6997768.0
121,2018-07-09 09:00:00,HOSE:HDB,16728.622441,16966.921906,16633.302655,16776.282334,3054116.0
122,2018-07-10 09:00:00,HOSE:HDB,16680.962548,17181.391424,16633.302655,16728.622441,1255225.0
123,2018-07-11 09:00:00,HOSE:HDB,16442.663083,16490.322976,15560.955063,15632.444902,3260432.0
124,2018-07-12 09:00:00,HOSE:HDB,15632.444902,15966.064153,15489.465223,15727.764688,3136911.0
125,2018-07-13 09:00:00,HOSE:HDB,15727.764688,16013.724046,15703.934742,15942.234207,3550613.0
126,2018-07-16 09:00:00,HOSE:HDB,16013.724046,16085.213886,15846.914421,15989.8941,2698997.0
127,2018-07-17 09:00:00,HOSE:HDB,15989.8941,15989.8941,15632.444902,15989.8941,3388358.0
128,2018-07-18 09:00:00,HOSE:HDB,16037.553993,16943.091959,16037.553993,16800.11228,4547972.0
129,2018-07-19 09:00:00,HOSE:HDB,16823.942227,17205.221371,16728.622441,16728.622441,3895138.0
130,2018-07-20 09:00:00,HOSE:HDB,16680.962548,16871.60212,16204.363618,16871.60212,3584856.0
131,2018-07-23 09:00:00,HOSE:HDB,16680.962548,16943.091959,16585.642762,16776.282334,3013811.0
132,2018-07-24 09:00:00,HOSE:HDB,16680.962548,16752.452387,16204.363618,16204.363618,2455731.0
133,2018-07-25 09:00:00,HOSE:HDB,16204.363618,16466.49303,15870.744367,15966.064153,1996498.0
134,2018-07-26 09:00:00,HOSE:HDB,15966.064153,15989.8941,15489.465223,15632.444902,2586133.0
135,2018-07-27 09:00:00,HOSE:HDB,16013.724046,16013.724046,15727.764688,15918.40426,1687916.0
136,2018-07-30 09:00:00,HOSE:HDB,16347.343297,16776.282334,16252.023511,16776.282334,1776545.0
137,2018-07-31 09:00:00,HOSE:HDB,16776.282334,17086.071638,16395.00319,16966.921906,3150235.0
138,2018-08-01 09:00:00,HOSE:HDB,17014.581799,17205.221371,16966.921906,17038.411745,4959596.0
139,2018-08-02 09:00:00,HOSE:HDB,17038.411745,17038.411745,16585.642762,16776.282334,2408793.0
140,2018-08-03 09:00:00,HOSE:HDB,16800.11228,17157.561478,16728.622441,17086.071638,5583476.0
141,2018-08-06 09:00:00,HOSE:HDB,17086.071638,17157.561478,16919.262013,17086.071638,3172076.0
142,2018-08-07 09:00:00,HOSE:HDB,17086.071638,17491.180729,17014.581799,17252.881264,5457080.0
143,2018-08-08 09:00:00,HOSE:HDB,17276.71121,17491.180729,17157.561478,17395.860943,2530385.0
144,2018-08-09 09:00:00,HOSE:HDB,17443.520836,17634.160408,17348.20105,17348.20105,3676170.0
145,2018-08-10 09:00:00,HOSE:HDB,17348.20105,17681.820301,17252.881264,17681.820301,5441281.0
146,2018-08-13 09:00:00,HOSE:HDB,17681.820301,17824.79998,17538.840622,17824.79998,3891405.0
147,2018-08-14 09:00:00,HOSE:HDB,17705.650247,17872.459873,17348.20105,17824.79998,2751766.0
148,2018-08-15 09:00:00,HOSE:HDB,17824.79998,18015.439552,17300.541157,17395.860943,2125326.0
149,2018-08-16 09:00:00,HOSE:HDB,17157.561478,17634.160408,17014.581799,17467.350782,3255795.0
150,2018-08-17 09:00:00,HOSE:HDB,17491.180729,17586.500515,17109.901585,17109.901585,2595827.0
151,2018-08-20 09:00:00,HOSE:HDB,17109.901585,17133.731531,16466.49303,16680.962548,2906131.0
152,2018-08-21 09:00:00,HOSE:HDB,16680.962548,16919.262013,16633.302655,16919.262013,2918530.0
153,2018-08-22 09:00:00,HOSE:HDB,16943.091959,17252.881264,16919.262013,17157.561478,2318551.0
154,2018-08-23 09:00:00,HOSE:HDB,17157.561478,17252.881264,17062.241692,17109.901585,2290812.0
155,2018-08-24 09:00:00,HOSE:HDB,17109.901585,17181.391424,17014.581799,17157.561478,6588703.0
156,2018-08-27 09:00:00,HOSE:HDB,17181.391424,17229.051317,17109.901585,17157.561478,1897483.0
157,2018-08-28 09:00:00,HOSE:HDB,17157.561478,17229.051317,17133.731531,17181.391424,2203108.0
158,2018-08-29 09:00:00,HOSE:HDB,17205.221371,17729.480194,17157.561478,17729.480194,5268557.0
159,2018-08-30 09:00:00,HOSE:HDB,17729.480194,18229.90907,17681.820301,18206.079124,6191156.0
160,2018-08-31 09:00:00,HOSE:HDB,18206.079124,18229.90907,18015.439552,18182.249177,4111777.0
161,2018-09-04 09:00:00,HOSE:HDB,18110.759338,18110.759338,17777.140087,17824.79998,2988275.0
162,2018-09-05 09:00:00,HOSE:HDB,17824.79998,17872.459873,17419.690889,17634.160408,2619055.0
163,2018-09-06 09:00:00,HOSE:HDB,17634.160408,17681.820301,17300.541157,17395.860943,1726522.0
164,2018-09-07 09:00:00,HOSE:HDB,17395.860943,17562.670568,17300.541157,17467.350782,2466348.0
165,2018-09-10 09:00:00,HOSE:HDB,17467.350782,17729.480194,17467.350782,17634.160408,2803068.0
166,2018-09-11 09:00:00,HOSE:HDB,17705.650247,17824.79998,17610.330461,17681.820301,2623545.0
167,2018-09-12 09:00:00,HOSE:HDB,17705.650247,17872.459873,17657.990354,17681.820301,2006862.0
168,2018-09-13 09:00:00,HOSE:HDB,17705.650247,18420.548642,17705.650247,18396.718696,7366401.0
169,2018-09-14 09:00:00,HOSE:HDB,18396.718696,18563.528321,18277.568963,18396.718696,3693523.0
170,2018-09-17 09:00:00,HOSE:HDB,18396.718696,18444.378589,18253.739017,18301.39891,2346477.0
171,2018-09-18 09:00:00,HOSE:HDB,18110.759338,18229.90907,17967.779659,18229.90907,2592302.0
172,2018-09-19 09:00:00,HOSE:HDB,18229.90907,18396.718696,18229.90907,18349.058803,2938547.0
173,2018-09-20 09:00:00,HOSE:HDB,18349.058803,18515.868428,18253.739017,18515.868428,3049373.0
174,2018-09-21 09:00:00,HOSE:HDB,18539.698375,18563.528321,18206.079124,18515.868428,3622373.0
175,2018-09-24 09:00:00,HOSE:HDB,18515.868428,18730.337947,18515.868428,18587.358268,3292010.0
176,2018-09-25 09:00:00,HOSE:HDB,18587.358268,18611.188214,18468.208535,18539.698375,3322960.0
177,2018-09-26 09:00:00,HOSE:HDB,18539.698375,18563.528321,18253.739017,18396.718696,3726903.0
178,2018-09-27 09:00:00,HOSE:HDB,18396.718696,18515.868428,18325.228856,18372.888749,4347365.0
179,2018-09-28 09:00:00,HOSE:HDB,18372.888749,18563.528321,18349.058803,18515.868428,4056447.0
180,2018-10-01 09:00:00,HOSE:HDB,18515.868428,18944.807465,18515.868428,18777.99784,5397051.0
181,2018-10-02 09:00:00,HOSE:HDB,18777.99784,18825.657733,18635.018161,18682.678054,3466183.0
182,2018-10-03 09:00:00,HOSE:HDB,18682.678054,18825.657733,18635.018161,18801.827786,3479022.0
183,2018-10-04 09:00:00,HOSE:HDB,18825.657733,18897.147572,18182.249177,18468.208535,5117318.0
184,2018-10-05 09:00:00,HOSE:HDB,18468.208535,18515.868428,18110.759338,18110.759338,2732210.0
185,2018-10-08 09:00:00,HOSE:HDB,17920.119766,18110.759338,17634.160408,18015.439552,3406006.0
186,2018-10-09 09:00:00,HOSE:HDB,18015.439552,18110.759338,17872.459873,17967.779659,3288171.0
187,2018-10-10 09:00:00,HOSE:HDB,17967.779659,18063.099445,17872.459873,18015.439552,3404747.0
188,2018-10-11 09:00:00,HOSE:HDB,17634.160408,17634.160408,16823.942227,17205.221371,2409087.0
189,2018-10-12 09:00:00,HOSE:HDB,17062.241692,17467.350782,16966.921906,17395.860943,3046185.0
190,2018-10-15 09:00:00,HOSE:HDB,17395.860943,17419.690889,16609.472708,16919.262013,2913557.0
191,2018-10-16 09:00:00,HOSE:HDB,16919.262013,17634.160408,16728.622441,17634.160408,3667926.0
192,2018-10-17 09:00:00,HOSE:HDB,17634.160408,17824.79998,17634.160408,17705.650247,3238570.0
193,2018-10-18 09:00:00,HOSE:HDB,17705.650247,17705.650247,17395.860943,17610.330461,3021342.0
194,2018-10-19 09:00:00,HOSE:HDB,17395.860943,17395.860943,17062.241692,17300.541157,3324196.0
195,2018-10-22 09:00:00,HOSE:HDB,17300.541157,17562.670568,17300.541157,17395.860943,3204976.0
196,2018-10-23 09:00:00,HOSE:HDB,17157.561478,17395.860943,16966.921906,17157.561478,4409220.0
197,2018-10-24 09:00:00,HOSE:HDB,17157.561478,17276.71121,16680.962548,16680.962548,4832908.0
198,2018-10-25 09:00:00,HOSE:HDB,16204.363618,16442.663083,16204.363618,16347.343297,4980055.0
199,2018-10-26 09:00:00,HOSE:HDB,16418.833137,16752.452387,16347.343297,16395.00319,7433732.0
200,2018-10-29 09:00:00,HOSE:HDB,16395.00319,16514.152923,15966.064153,16252.023511,3732276.0
201,2018-10-30 09:00:00,HOSE:HDB,16252.023511,16371.173244,15727.764688,15823.084474,3971722.0
202,2018-10-31 09:00:00,HOSE:HDB,15846.914421,15942.234207,15298.825651,15632.444902,5413060.0
203,2018-11-01 09:00:00,HOSE:HDB,15632.444902,15823.084474,15608.614956,15656.274849,3833682.0
204,2018-11-02 09:00:00,HOSE:HDB,15703.934742,16013.724046,15703.934742,15966.064153,7098166.0
205,2018-11-05 09:00:00,HOSE:HDB,15966.064153,16013.724046,15537.125116,15918.40426,5247366.0
206,2018-11-06 09:00:00,HOSE:HDB,15918.40426,15942.234207,15632.444902,15656.274849,6515895.0
207,2018-11-07 09:00:00,HOSE:HDB,15489.465223,15942.234207,15489.465223,15823.084474,4402211.0
208,2018-11-08 09:00:00,HOSE:HDB,15846.914421,16013.724046,15775.424581,15823.084474,4250386.0
209,2018-11-09 09:00:00,HOSE:HDB,15727.764688,15846.914421,15584.785009,15632.444902,10221757.0
210,2018-11-12 09:00:00,HOSE:HDB,15632.444902,15632.444902,15203.505865,15251.165758,4725753.0
211,2018-11-13 09:00:00,HOSE:HDB,15060.526186,15060.526186,14297.967898,14297.967898,10477003.0
212,2018-11-14 09:00:00,HOSE:HDB,14321.797845,14726.906935,13583.069503,13726.049182,4153238.0
213,2018-11-15 09:00:00,HOSE:HDB,13797.539022,13797.539022,13106.470573,13344.770038,11075452.0
214,2018-11-16 09:00:00,HOSE:HDB,13463.919771,14274.137952,13368.599985,14274.137952,8253541.0
215,2018-11-19 09:00:00,HOSE:HDB,14393.287684,14941.376454,14393.287684,14726.906935,4826487.0
216,2018-11-20 09:00:00,HOSE:HDB,14488.60747,14536.267363,14297.967898,14512.437417,8309226.0
217,2018-11-21 09:00:00,HOSE:HDB,14154.988219,14417.117631,14083.49838,14417.117631,15614360.0
218,2018-11-22 09:00:00,HOSE:HDB,14440.947577,14798.396775,14321.797845,14679.247042,32058777.0
219,2018-11-23 09:00:00,HOSE:HDB,14679.247042,14703.076989,14440.947577,14440.947577,2876441.0
220,2018-11-26 09:00:00,HOSE:HDB,14440.947577,14583.927256,14154.988219,14536.267363,2634812.0
221,2018-11-27 09:00:00,HOSE:HDB,14536.267363,14631.587149,14297.967898,14393.287684,3089325.0
222,2018-11-28 09:00:00,HOSE:HDB,14393.287684,14464.777524,14297.967898,14464.777524,3273252.0
223,2018-11-29 09:00:00,HOSE:HDB,14536.267363,14726.906935,14369.457738,14417.117631,3341381.0
224,2018-11-30 09:00:00,HOSE:HDB,14417.117631,14440.947577,14131.158273,14297.967898,3142933.0
225,2018-12-03 09:00:00,HOSE:HDB,14393.287684,15274.995705,14369.457738,15251.165758,6162411.0
226,2018-12-04 09:00:00,HOSE:HDB,15346.485544,15370.315491,14846.056668,15108.186079,4359911.0
227,2018-12-05 09:00:00,HOSE:HDB,14774.566828,15108.186079,14631.587149,14869.886614,3948245.0
228,2018-12-06 09:00:00,HOSE:HDB,14869.886614,14869.886614,14345.627791,14536.267363,4022205.0
229,2018-12-07 09:00:00,HOSE:HDB,14583.927256,14774.566828,14560.09731,14583.927256,4722102.0
230,2018-12-10 09:00:00,HOSE:HDB,14583.927256,14631.587149,14440.947577,14607.757203,4855757.0
231,2018-12-11 09:00:00,HOSE:HDB,14607.757203,14679.247042,14393.287684,14393.287684,4650891.0
232,2018-12-12 09:00:00,HOSE:HDB,14417.117631,14679.247042,14417.117631,14560.09731,15141660.0
233,2018-12-13 09:00:00,HOSE:HDB,14583.927256,14703.076989,14488.60747,14583.927256,4802720.0
234,2018-12-14 09:00:00,HOSE:HDB,14536.267363,14583.927256,14321.797845,14393.287684,3315677.0
235,2018-12-17 09:00:00,HOSE:HDB,14297.967898,14393.287684,14059.668433,14059.668433,6475862.0
236,2018-12-18 09:00:00,HOSE:HDB,13821.368968,14035.838487,13726.049182,14012.00854,4355757.0
237,2018-12-19 09:00:00,HOSE:HDB,14035.838487,14059.668433,13583.069503,13821.368968,10452013.0
238,2018-12-20 09:00:00,HOSE:HDB,13678.389289,13892.858808,13583.069503,13845.198915,3120083.0
239,2018-12-21 09:00:00,HOSE:HDB,13773.709075,13988.178594,13630.729396,13988.178594,19350018.0
240,2018-12-24 09:00:00,HOSE:HDB,14012.00854,14059.668433,13511.579664,13821.368968,19168441.0
241,2018-12-25 09:00:00,HOSE:HDB,13583.069503,13726.049182,13249.450252,13702.219236,16150223.0
242,2018-12-26 09:00:00,HOSE:HDB,13821.368968,13845.198915,13606.89945,13726.049182,2355102.0
243,2018-12-27 09:00:00,HOSE:HDB,13964.348647,14059.668433,13845.198915,14059.668433,2606215.0
244,2018-12-28 09:00:00,HOSE:HDB,14059.668433,14440.947577,13964.348647,14440.947577,3353738.0
245,2019-01-02 09:00:00,HOSE:HDB,14440.947577,14440.947577,13440.089824,13440.089824,1517731.0
246,2019-01-03 09:00:00,HOSE:HDB,13797.539022,13821.368968,13392.429931,13416.259878,2565802.0
247,2019-01-04 09:00:00,HOSE:HDB,13487.749717,13821.368968,13344.770038,13821.368968,4048161.0
248,2019-01-07 09:00:00,HOSE:HDB,13821.368968,14059.668433,13583.069503,13773.709075,1526733.0
249,2019-01-08 09:00:00,HOSE:HDB,13773.709075,13797.539022,13344.770038,13583.069503,3070648.0
250,2019-01-09 09:00:00,HOSE:HDB,13630.729396,13869.028861,13630.729396,13773.709075,7431697.0
251,2019-01-10 09:00:00,HOSE:HDB,13797.539022,13869.028861,13797.539022,13821.368968,6943718.0
252,2019-01-11 09:00:00,HOSE:HDB,13821.368968,14059.668433,13797.539022,13916.688754,6361236.0
253,2019-01-14 09:00:00,HOSE:HDB,13916.688754,14012.00854,13773.709075,13869.028861,1500925.0
254,2019-01-15 09:00:00,HOSE:HDB,13916.688754,13940.518701,13797.539022,13916.688754,2030908.0
255,2019-01-16 09:00:00,HOSE:HDB,13916.688754,13916.688754,13773.709075,13916.688754,1878703.0
256,2019-01-17 09:00:00,HOSE:HDB,13916.688754,13916.688754,13773.709075,13773.709075,2095010.0
257,2019-01-18 09:00:00,HOSE:HDB,13821.368968,14012.00854,13773.709075,13869.028861,2974406.0
258,2019-01-21 09:00:00,HOSE:HDB,13892.858808,14154.988219,13869.028861,14131.158273,2587666.0
259,2019-01-22 09:00:00,HOSE:HDB,14154.988219,14464.777524,14154.988219,14345.627791,5065703.0
260,2019-01-23 09:00:00,HOSE:HDB,14297.967898,14440.947577,14274.137952,14297.967898,1784831.0
261,2019-01-24 09:00:00,HOSE:HDB,14297.967898,14369.457738,14154.988219,14274.137952,2360786.0
262,2019-01-25 09:00:00,HOSE:HDB,14297.967898,14345.627791,14202.648112,14274.137952,2832400.0
263,2019-01-28 09:00:00,HOSE:HDB,14274.137952,14345.627791,14202.648112,14297.967898,2364606.0
264,2019-01-29 09:00:00,HOSE:HDB,14297.967898,14321.797845,14226.478059,14297.967898,2485462.0
265,2019-01-30 09:00:00,HOSE:HDB,14297.967898,14321.797845,14226.478059,14297.967898,1821466.0
266,2019-01-31 09:00:00,HOSE:HDB,14345.627791,14536.267363,14345.627791,14536.267363,1599896.0
267,2019-02-01 09:00:00,HOSE:HDB,14536.267363,14583.927256,14440.947577,14536.267363,4902675.0
268,2019-02-11 09:00:00,HOSE:HDB,14583.927256,14631.587149,14488.60747,14607.757203,2413222.0
269,2019-02-12 09:00:00,HOSE:HDB,14607.757203,14917.546507,14583.927256,14822.226721,3964611.0
270,2019-02-13 09:00:00,HOSE:HDB,14846.056668,15012.866293,14822.226721,14869.886614,6922505.0
271,2019-02-14 09:00:00,HOSE:HDB,14822.226721,14893.716561,14583.927256,14679.247042,1982187.0
272,2019-02-15 09:00:00,HOSE:HDB,14679.247042,14679.247042,14393.287684,14488.60747,2362781.0
273,2019-02-18 09:00:00,HOSE:HDB,14488.60747,14607.757203,14369.457738,14583.927256,3109823.0
274,2019-02-19 09:00:00,HOSE:HDB,14583.927256,14583.927256,14178.818166,14297.967898,3220736.0
275,2019-02-20 09:00:00,HOSE:HDB,14297.967898,14297.967898,14154.988219,14154.988219,1763513.0
276,2019-02-21 09:00:00,HOSE:HDB,14154.988219,14274.137952,14012.00854,14202.648112,3310096.0
277,2019-02-22 09:00:00,HOSE:HDB,14202.648112,14536.267363,14131.158273,14345.627791,2805291.0
278,2019-02-25 09:00:00,HOSE:HDB,14393.287684,14822.226721,14393.287684,14774.566828,3727827.0
279,2019-02-26 09:00:00,HOSE:HDB,14774.566828,14798.396775,14512.437417,14607.757203,2354660.0
280,2019-02-27 09:00:00,HOSE:HDB,14607.757203,14655.417096,14536.267363,14583.927256,1996393.0
281,2019-02-28 09:00:00,HOSE:HDB,14583.927256,14583.927256,14297.967898,14297.967898,3102522.0
282,2019-03-01 09:00:00,HOSE:HDB,14297.967898,14512.437417,14297.967898,14488.60747,2021403.0
283,2019-03-04 09:00:00,HOSE:HDB,14488.60747,14583.927256,14393.287684,14488.60747,2276587.0
284,2019-03-05 09:00:00,HOSE:HDB,14488.60747,14703.076989,14440.947577,14631.587149,2733952.0
285,2019-03-06 09:00:00,HOSE:HDB,14655.417096,14774.566828,14536.267363,14631.587149,2436365.0
286,2019-03-07 09:00:00,HOSE:HDB,14631.587149,14703.076989,14488.60747,14631.587149,3399166.0
287,2019-03-08 09:00:00,HOSE:HDB,14512.437417,14583.927256,14297.967898,14488.60747,2544611.0
288,2019-03-11 09:00:00,HOSE:HDB,14536.267363,14536.267363,14345.627791,14488.60747,1313786.0
289,2019-03-12 09:00:00,HOSE:HDB,14488.60747,14774.566828,14440.947577,14726.906935,3158857.0
290,2019-03-13 09:00:00,HOSE:HDB,14726.906935,14893.716561,14726.906935,14774.566828,5021577.0
291,2019-03-14 09:00:00,HOSE:HDB,14774.566828,14798.396775,14631.587149,14726.906935,3126293.0
292,2019-03-15 09:00:00,HOSE:HDB,14726.906935,15227.335812,14703.076989,15155.845972,6724351.0
293,2019-03-18 09:00:00,HOSE:HDB,15203.505865,15394.145437,15084.356133,15155.845972,2984707.0
294,2019-03-19 09:00:00,HOSE:HDB,15155.845972,15417.975384,15155.845972,15203.505865,3559362.0
295,2019-03-20 09:00:00,HOSE:HDB,15155.845972,15203.505865,14774.566828,15132.016026,2793708.0
296,2019-03-21 09:00:00,HOSE:HDB,15132.016026,15227.335812,14750.736882,14774.566828,2041252.0
297,2019-03-22 09:00:00,HOSE:HDB,14774.566828,14965.2064,14679.247042,14774.566828,2600611.0
298,2019-03-25 09:00:00,HOSE:HDB,14440.947577,14631.587149,14321.797845,14440.947577,2667251.0
299,2019-03-26 09:00:00,HOSE:HDB,14440.947577,14607.757203,14393.287684,14440.947577,2982378.0
300,2019-03-27 09:00:00,HOSE:HDB,14464.777524,14560.09731,14321.797845,14464.777524,4936707.0
301,2019-03-28 09:00:00,HOSE:HDB,14393.287684,14631.587149,14297.967898,14369.457738,3966625.0
302,2019-03-29 09:00:00,HOSE:HDB,14297.967898,14393.287684,14178.818166,14297.967898,2891380.0
303,2019-04-01 09:00:00,HOSE:HDB,14297.967898,14321.797845,14059.668433,14083.49838,2302246.0
304,2019-04-02 09:00:00,HOSE:HDB,14107.328326,14154.988219,13583.069503,13726.049182,3186596.0
305,2019-04-03 09:00:00,HOSE:HDB,13583.069503,13606.89945,13416.259878,13463.919771,5539666.0
306,2019-04-04 09:00:00,HOSE:HDB,13583.069503,13940.518701,13583.069503,13916.688754,3889892.0
307,2019-04-05 09:00:00,HOSE:HDB,13869.028861,13940.518701,13773.709075,13940.518701,2863977.0
308,2019-04-08 09:00:00,HOSE:HDB,13869.028861,13892.858808,13702.219236,13773.709075,2656235.0
309,2019-04-09 09:00:00,HOSE:HDB,13773.709075,13940.518701,13559.239557,13702.219236,4785026.0
310,2019-04-10 09:00:00,HOSE:HDB,13606.89945,13630.729396,13344.770038,13392.429931,3701432.0
311,2019-04-11 09:00:00,HOSE:HDB,13440.089824,13487.749717,13320.940092,13320.940092,2636741.0
312,2019-04-12 09:00:00,HOSE:HDB,13320.940092,13368.599985,13106.470573,13201.790359,2999710.0
313,2019-04-16 09:00:00,HOSE:HDB,13177.960413,13630.729396,13106.470573,13630.729396,3515007.0
314,2019-04-17 09:00:00,HOSE:HDB,13678.389289,13749.879129,13583.069503,13583.069503,4435656.0
315,2019-04-18 09:00:00,HOSE:HDB,13487.749717,13535.40961,13297.110145,13392.429931,2423480.0
316,2019-04-19 09:00:00,HOSE:HDB,13392.429931,13416.259878,13273.280199,13392.429931,2410808.0
317,2019-04-22 09:00:00,HOSE:HDB,13440.089824,13440.089824,13201.790359,13392.429931,2609320.0
318,2019-04-23 09:00:00,HOSE:HDB,13440.089824,13535.40961,13320.940092,13463.919771,9702537.0
319,2019-04-24 09:00:00,HOSE:HDB,13487.749717,13535.40961,13416.259878,13511.579664,2785905.0
320,2019-04-25 09:00:00,HOSE:HDB,13535.40961,13535.40961,13225.620306,13392.429931,2600675.0
321,2019-04-26 09:00:00,HOSE:HDB,13463.919771,13487.749717,13344.770038,13392.429931,1982146.0
322,2019-05-02 09:00:00,HOSE:HDB,13440.089824,13440.089824,13249.450252,13368.599985,3155375.0
323,2019-05-03 09:00:00,HOSE:HDB,13368.599985,13392.429931,13154.130466,13344.770038,2835903.0
324,2019-05-06 09:00:00,HOSE:HDB,13273.280199,13273.280199,12963.490894,13011.150787,2082882.0
325,2019-05-07 09:00:00,HOSE:HDB,13011.150787,13082.640627,12439.232071,12439.232071,4355673.0
326,2019-05-08 09:00:00,HOSE:HDB,12391.572179,12534.551857,12200.932607,12534.551857,4445727.0
327,2019-05-09 09:00:00,HOSE:HDB,12534.551857,12749.021376,12415.402125,12749.021376,3311145.0
328,2019-05-10 09:00:00,HOSE:HDB,12772.851322,13106.470573,12653.70159,12963.490894,3761966.0
329,2019-05-13 09:00:00,HOSE:HDB,12963.490894,13154.130466,12725.191429,13154.130466,7072381.0
330,2019-05-14 09:00:00,HOSE:HDB,13058.81068,13154.130466,12772.851322,12963.490894,3243542.0
331,2019-05-15 09:00:00,HOSE:HDB,12868.171108,13177.960413,12725.191429,13154.130466,5622776.0
332,2019-05-16 09:00:00,HOSE:HDB,13058.81068,13177.960413,12772.851322,13011.150787,4756658.0
333,2019-05-17 09:00:00,HOSE:HDB,12987.320841,12987.320841,12749.021376,12868.171108,2966516.0
334,2019-05-20 09:00:00,HOSE:HDB,12939.660948,12963.490894,12796.681269,12939.660948,3120651.0
335,2019-05-21 09:00:00,HOSE:HDB,12939.660948,12987.320841,12796.681269,12915.831001,3263243.0
336,2019-05-22 09:00:00,HOSE:HDB,12915.831001,12963.490894,12796.681269,12868.171108,1395721.0
337,2019-05-23 09:00:00,HOSE:HDB,12868.171108,12892.001055,12486.891964,12629.871643,3536198.0
338,2019-05-24 09:00:00,HOSE:HDB,12582.21175,12725.191429,12510.721911,12629.871643,1853652.0
339,2019-05-27 09:00:00,HOSE:HDB,12629.871643,12868.171108,12606.041697,12844.341162,2017627.0
340,2019-05-28 09:00:00,HOSE:HDB,12820.511215,12868.171108,12582.21175,12820.511215,2420753.0
341,2019-05-29 09:00:00,HOSE:HDB,12772.851322,12892.001055,12629.871643,12844.341162,3799860.0
342,2019-05-30 09:00:00,HOSE:HDB,12820.511215,13058.81068,12772.851322,13034.980734,4730202.0
343,2019-05-31 09:00:00,HOSE:HDB,12987.320841,13058.81068,12820.511215,13011.150787,3919435.0
344,2019-06-03 09:00:00,HOSE:HDB,12987.320841,12987.320841,12606.041697,12749.021376,8228403.0
345,2019-06-04 09:00:00,HOSE:HDB,12677.531536,12772.851322,12534.551857,12677.531536,3353342.0
346,2019-06-05 09:00:00,HOSE:HDB,12701.361483,12844.341162,12677.531536,12820.511215,3816017.0
347,2019-06-06 09:00:00,HOSE:HDB,12725.191429,12868.171108,12725.191429,12772.851322,1635523.0
348,2019-06-07 09:00:00,HOSE:HDB,12749.021376,12820.511215,12629.871643,12820.511215,2163640.0
349,2019-06-10 09:00:00,HOSE:HDB,12820.511215,12868.171108,12606.041697,12772.851322,2702018.0
350,2019-06-11 09:00:00,HOSE:HDB,12677.531536,12820.511215,12653.70159,12749.021376,4501540.0
351,2019-06-12 09:00:00,HOSE:HDB,12772.851322,12820.511215,12653.70159,12772.851322,2502583.0
352,2019-06-13 09:00:00,HOSE:HDB,12725.191429,12796.681269,12629.871643,12677.531536,3815765.0
353,2019-06-14 09:00:00,HOSE:HDB,12749.021376,12820.511215,12582.21175,12677.531536,3735046.0
354,2019-06-17 09:00:00,HOSE:HDB,12725.191429,12772.851322,12558.381804,12629.871643,4628753.0
355,2019-06-18 09:00:00,HOSE:HDB,12653.70159,12725.191429,12272.422446,12391.572179,2763177.0
356,2019-06-19 09:00:00,HOSE:HDB,12391.572179,12582.21175,11914.973249,12510.721911,3894802.0
357,2019-06-20 09:00:00,HOSE:HDB,12629.871643,12844.341162,12582.21175,12820.511215,5637672.0
358,2019-06-21 09:00:00,HOSE:HDB,12820.511215,12892.001055,12629.871643,12677.531536,4643168.0
359,2019-06-24 09:00:00,HOSE:HDB,12725.191429,12772.851322,12653.70159,12701.361483,1776627.0
360,2019-06-25 09:00:00,HOSE:HDB,12677.531536,12772.851322,12653.70159,12725.191429,3191673.0
361,2019-06-26 09:00:00,HOSE:HDB,12725.191429,12772.851322,12606.041697,12677.531536,2829420.0
362,2019-06-27 09:00:00,HOSE:HDB,12677.531536,12772.851322,12606.041697,12653.70159,1512777.0
363,2019-06-28 09:00:00,HOSE:HDB,12653.70159,13106.470573,12343.912286,13106.470573,3626148.0
364,2019-07-01 09:00:00,HOSE:HDB,13106.470573,13106.470573,12725.191429,12820.511215,2532022.0
365,2019-07-02 09:00:00,HOSE:HDB,12796.681269,12796.681269,12510.721911,12629.871643,3761380.0
366,2019-07-03 09:00:00,HOSE:HDB,12582.21175,12677.531536,12463.062018,12534.551857,2712508.0
367,2019-07-04 09:00:00,HOSE:HDB,12629.871643,12629.871643,12486.891964,12629.871643,3349501.0
368,2019-07-05 09:00:00,HOSE:HDB,12629.871643,12701.361483,12510.721911,12510.721911,3151073.0
369,2019-07-08 09:00:00,HOSE:HDB,12486.891964,12486.891964,12320.082339,12391.572179,3308398.0
370,2019-07-09 09:00:00,HOSE:HDB,12391.572179,12463.062018,12224.762553,12463.062018,3075768.0
371,2019-07-10 09:00:00,HOSE:HDB,12439.232071,12439.232071,12272.422446,12367.742232,3814735.0
372,2019-07-11 09:00:00,HOSE:HDB,12367.742232,12510.721911,12367.742232,12439.232071,2561522.0
373,2019-07-12 09:00:00,HOSE:HDB,12439.232071,12486.891964,12343.912286,12463.062018,2221697.0
374,2019-07-15 09:00:00,HOSE:HDB,12463.062018,12510.721911,12320.082339,12439.232071,2038210.0
375,2019-07-16 09:00:00,HOSE:HDB,12415.402125,12486.891964,12391.572179,12415.402125,2137706.0
376,2019-07-17 09:00:00,HOSE:HDB,12439.232071,12582.21175,12391.572179,12582.21175,3857937.0
377,2019-07-18 09:00:00,HOSE:HDB,12606.041697,12629.871643,12391.572179,12558.381804,3092451.0
378,2019-07-19 09:00:00,HOSE:HDB,12558.381804,12606.041697,12486.891964,12582.21175,1911248.0
379,2019-07-22 09:00:00,HOSE:HDB,12582.21175,12629.871643,12367.742232,12439.232071,1836321.0
380,2019-07-23 09:00:00,HOSE:HDB,12439.232071,12463.062018,12343.912286,12463.062018,1872767.0
381,2019-07-24 09:00:00,HOSE:HDB,12486.891964,12534.551857,12367.742232,12439.232071,1065737.0
382,2019-07-25 09:00:00,HOSE:HDB,12439.232071,12510.721911,12296.252393,12463.062018,2853486.0
383,2019-07-26 09:00:00,HOSE:HDB,12439.232071,12486.891964,12296.252393,12415.402125,2894022.0
384,2019-07-29 09:00:00,HOSE:HDB,12391.572179,12439.232071,12343.912286,12391.572179,1939910.0
385,2019-07-30 09:00:00,HOSE:HDB,12415.402125,12415.402125,12320.082339,12391.572179,2271300.0
386,2019-07-31 09:00:00,HOSE:HDB,12439.232071,12439.232071,12296.252393,12367.742232,2801390.0
387,2019-08-01 09:00:00,HOSE:HDB,12391.572179,12391.572179,12320.082339,12391.572179,3658021.0
388,2019-08-02 09:00:00,HOSE:HDB,12343.912286,12415.402125,12248.5925,12415.402125,5170907.0
389,2019-08-05 09:00:00,HOSE:HDB,12391.572179,12415.402125,12177.10266,12200.932607,2268026.0
390,2019-08-06 09:00:00,HOSE:HDB,12200.932607,12200.932607,11652.843837,11914.973249,4292790.0
391,2019-08-07 09:00:00,HOSE:HDB,11914.973249,11914.973249,11676.673784,11914.973249,3600152.0
392,2019-08-08 09:00:00,HOSE:HDB,11914.973249,11914.973249,11724.333677,11914.973249,3447276.0
393,2019-08-09 09:00:00,HOSE:HDB,11914.973249,12534.551857,11891.143302,12534.551857,8299136.0
394,2019-08-12 09:00:00,HOSE:HDB,12606.041697,12629.871643,12296.252393,12463.062018,2628875.0
395,2019-08-13 09:00:00,HOSE:HDB,12415.402125,12439.232071,12200.932607,12415.402125,2384077.0
396,2019-08-14 09:00:00,HOSE:HDB,12415.402125,12534.551857,12248.5925,12534.551857,3327827.0
397,2019-08-15 09:00:00,HOSE:HDB,12272.422446,12558.381804,12248.5925,12558.381804,3618867.0
398,2019-08-16 09:00:00,HOSE:HDB,12534.551857,12629.871643,12463.062018,12582.21175,3824135.0
399,2019-08-19 09:00:00,HOSE:HDB,12582.21175,12629.871643,12486.891964,12558.381804,1727928.0
400,2019-08-20 09:00:00,HOSE:HDB,12534.551857,12558.381804,12415.402125,12534.551857,2509130.0
401,2019-08-21 09:00:00,HOSE:HDB,12510.721911,12629.871643,12439.232071,12629.871643,3342031.0
402,2019-08-22 09:00:00,HOSE:HDB,12582.21175,12606.041697,12534.551857,12606.041697,1918508.0
403,2019-08-23 09:00:00,HOSE:HDB,12582.21175,12582.21175,12510.721911,12582.21175,1874466.0
404,2019-08-26 09:00:00,HOSE:HDB,12534.551857,12534.551857,12296.252393,12534.551857,2888568.0
405,2019-08-27 09:00:00,HOSE:HDB,12534.551857,12629.871643,12510.721911,12629.871643,5083958.0
406,2019-08-28 09:00:00,HOSE:HDB,12629.871643,12629.871643,12510.721911,12582.21175,1512736.0
407,2019-08-29 09:00:00,HOSE:HDB,12558.381804,12582.21175,12129.442767,12510.721911,5428041.0
408,2019-08-30 09:00:00,HOSE:HDB,12463.062018,12558.381804,12296.252393,12391.572179,2155226.0
409,2019-09-03 09:00:00,HOSE:HDB,12343.912286,12367.742232,12200.932607,12248.5925,2933721.0
410,2019-09-04 09:00:00,HOSE:HDB,12224.762553,12320.082339,12129.442767,12177.10266,5006723.0
411,2019-09-05 09:00:00,HOSE:HDB,12200.932607,12200.932607,12034.122981,12177.10266,1908920.0
412,2019-09-06 09:00:00,HOSE:HDB,12153.272714,12200.932607,12034.122981,12153.272714,2091400.0
413,2019-09-09 09:00:00,HOSE:HDB,12177.10266,12200.932607,12034.122981,12153.272714,1860723.0
414,2019-09-10 09:00:00,HOSE:HDB,12177.10266,12177.10266,11843.483409,12105.612821,2582566.0
415,2019-09-11 09:00:00,HOSE:HDB,12105.612821,12129.442767,11867.313356,12105.612821,2729230.0
416,2019-09-12 09:00:00,HOSE:HDB,12105.612821,12272.422446,12057.952928,12248.5925,2908522.0
417,2019-09-13 09:00:00,HOSE:HDB,12224.762553,12486.891964,12177.10266,12391.572179,3842453.0
418,2019-09-16 09:00:00,HOSE:HDB,12367.742232,12582.21175,12367.742232,12534.551857,6157580.0
419,2019-09-17 09:00:00,HOSE:HDB,12510.721911,12534.551857,12391.572179,12486.891964,3717232.0
420,2019-09-18 09:00:00,HOSE:HDB,12463.062018,12510.721911,12415.402125,12439.232071,1900045.0
421,2019-09-19 09:00:00,HOSE:HDB,12415.402125,12606.041697,12415.402125,12558.381804,3693123.0
422,2019-09-20 09:00:00,HOSE:HDB,12558.381804,12629.871643,12534.551857,12558.381804,2544192.0
423,2019-09-23 09:00:00,HOSE:HDB,12558.381804,12582.21175,12510.721911,12582.21175,1940223.0
424,2019-09-24 09:00:00,HOSE:HDB,12558.381804,12582.21175,12439.232071,12510.721911,2753528.0
425,2019-09-25 09:00:00,HOSE:HDB,12510.721911,12606.041697,12486.891964,12606.041697,2556571.0
426,2019-09-26 09:00:00,HOSE:HDB,12582.21175,12677.531536,12558.381804,12629.871643,4032257.0
427,2019-09-27 09:00:00,HOSE:HDB,12629.871643,12725.191429,12582.21175,12701.361483,4426298.0
428,2019-09-30 09:00:00,HOSE:HDB,12701.361483,13368.599985,12701.361483,13201.790359,7327185.0
429,2019-10-01 09:00:00,HOSE:HDB,13201.790359,13535.40961,13201.790359,13463.919771,9392233.0
430,2019-10-02 09:00:00,HOSE:HDB,13440.089824,13535.40961,13368.599985,13392.429931,5924118.0
431,2019-10-03 09:00:00,HOSE:HDB,13320.940092,13416.259878,13106.470573,13249.450252,5443296.0
432,2019-10-04 09:00:00,HOSE:HDB,13249.450252,13368.599985,13058.81068,13106.470573,3637626.0
433,2019-10-07 09:00:00,HOSE:HDB,13106.470573,13201.790359,13011.150787,13058.81068,2953863.0
434,2019-10-08 09:00:00,HOSE:HDB,13058.81068,13177.960413,13011.150787,13154.130466,4083411.0
435,2019-10-09 09:00:00,HOSE:HDB,13130.30052,13177.960413,13082.640627,13106.470573,2726273.0
436,2019-10-10 09:00:00,HOSE:HDB,13130.30052,13177.960413,13058.81068,13177.960413,3227366.0
437,2019-10-11 09:00:00,HOSE:HDB,13201.790359,13416.259878,13177.960413,13344.770038,4752610.0
438,2019-10-14 09:00:00,HOSE:HDB,13416.259878,13535.40961,13416.259878,13535.40961,7545588.0
439,2019-10-15 09:00:00,HOSE:HDB,13559.239557,13606.89945,13416.259878,13487.749717,3005040.0
440,2019-10-16 09:00:00,HOSE:HDB,13487.749717,13511.579664,13392.429931,13440.089824,2451303.0
441,2019-10-17 09:00:00,HOSE:HDB,13416.259878,13440.089824,13297.110145,13297.110145,4319687.0
442,2019-10-18 09:00:00,HOSE:HDB,13344.770038,13368.599985,13249.450252,13320.940092,2687918.0
443,2019-10-21 09:00:00,HOSE:HDB,13297.110145,13368.599985,13273.280199,13344.770038,2454912.0
444,2019-10-22 09:00:00,HOSE:HDB,13344.770038,13463.919771,13273.280199,13320.940092,2867083.0
445,2019-10-23 09:00:00,HOSE:HDB,13297.110145,13463.919771,13249.450252,13463.919771,5262892.0
446,2019-10-24 09:00:00,HOSE:HDB,13440.089824,13916.688754,13392.429931,13916.688754,9668943.0
447,2019-10-25 09:00:00,HOSE:HDB,13892.858808,13940.518701,13702.219236,13773.709075,3328098.0
448,2019-10-28 09:00:00,HOSE:HDB,13821.368968,13845.198915,13654.559343,13773.709075,3630868.0
449,2019-10-29 09:00:00,HOSE:HDB,13726.049182,13797.539022,13606.89945,13726.049182,3034541.0
450,2019-10-30 09:00:00,HOSE:HDB,13702.219236,13797.539022,13678.389289,13773.709075,4557185.0
451,2019-10-31 09:00:00,HOSE:HDB,13773.709075,14107.328326,13773.709075,14035.838487,8408093.0
452,2019-11-01 09:00:00,HOSE:HDB,13988.178594,14035.838487,13797.539022,13964.348647,3207368.0
453,2019-11-04 09:00:00,HOSE:HDB,13940.518701,14059.668433,13892.858808,14059.668433,5595247.0
454,2019-11-05 09:00:00,HOSE:HDB,14012.00854,14059.668433,13940.518701,14059.668433,3449985.0
455,2019-11-06 09:00:00,HOSE:HDB,14059.668433,14059.668433,13869.028861,13869.028861,4157897.0
456,2019-11-07 09:00:00,HOSE:HDB,13869.028861,13940.518701,13773.709075,13892.858808,3701558.0
457,2019-11-08 09:00:00,HOSE:HDB,13964.348647,14250.308005,13940.518701,14131.158273,8600563.0
458,2019-11-11 09:00:00,HOSE:HDB,14107.328326,14154.988219,13869.028861,14107.328326,5140546.0
459,2019-11-12 09:00:00,HOSE:HDB,14059.668433,14107.328326,13892.858808,14059.668433,4249588.0
460,2019-11-13 09:00:00,HOSE:HDB,14035.838487,14059.668433,13892.858808,14059.668433,4840106.0
461,2019-11-14 09:00:00,HOSE:HDB,14012.00854,14059.668433,13821.368968,13821.368968,3778772.0
462,2019-11-15 09:00:00,HOSE:HDB,13821.368968,13845.198915,13511.579664,13511.579664,5492541.0
463,2019-11-18 09:00:00,HOSE:HDB,13559.239557,13964.348647,13487.749717,13678.389289,6817636.0
464,2019-11-19 09:00:00,HOSE:HDB,13702.219236,13749.879129,13630.729396,13726.049182,3773926.0
465,2019-11-20 09:00:00,HOSE:HDB,13726.049182,13845.198915,13583.069503,13773.709075,3717715.0
466,2019-11-21 09:00:00,HOSE:HDB,13702.219236,13773.709075,13559.239557,13559.239557,3591675.0
467,2019-11-22 09:00:00,HOSE:HDB,13583.069503,13654.559343,13106.470573,13249.450252,3350256.0
468,2019-11-25 09:00:00,HOSE:HDB,13249.450252,13368.599985,13130.30052,13249.450252,2017186.0
469,2019-11-26 09:00:00,HOSE:HDB,13297.110145,13368.599985,13177.960413,13249.450252,3106571.0
470,2019-11-27 09:00:00,HOSE:HDB,13249.450252,13297.110145,12868.171108,12868.171108,2419663.0
471,2019-11-28 09:00:00,HOSE:HDB,12868.171108,12892.001055,12391.572179,12463.062018,2542868.0
472,2019-11-29 09:00:00,HOSE:HDB,12439.232071,12653.70159,12439.232071,12629.871643,2009318.0
473,2019-12-02 09:00:00,HOSE:HDB,12629.871643,12629.871643,12177.10266,12177.10266,2499122.0
474,2019-12-03 09:00:00,HOSE:HDB,12177.10266,12296.252393,12057.952928,12177.10266,2193415.0
475,2019-12-04 09:00:00,HOSE:HDB,12200.932607,13011.150787,12200.932607,13011.150787,4303847.0
476,2019-12-05 09:00:00,HOSE:HDB,13225.620306,13535.40961,13201.790359,13297.110145,3755313.0
477,2019-12-06 09:00:00,HOSE:HDB,13249.450252,13320.940092,13154.130466,13249.450252,1702623.0
478,2019-12-09 09:00:00,HOSE:HDB,13225.620306,13392.429931,13106.470573,13344.770038,3458776.0
479,2019-12-10 09:00:00,HOSE:HDB,13344.770038,13392.429931,13154.130466,13201.790359,2538713.0
480,2019-12-11 09:00:00,HOSE:HDB,13106.470573,13392.429931,13106.470573,13344.770038,2720105.0
481,2019-12-12 09:00:00,HOSE:HDB,13344.770038,13392.429931,13273.280199,13344.770038,2487415.0
482,2019-12-13 09:00:00,HOSE:HDB,13344.770038,13392.429931,13225.620306,13320.940092,2854157.0
483,2019-12-16 09:00:00,HOSE:HDB,13320.940092,13320.940092,13106.470573,13130.30052,2576775.0
484,2019-12-17 09:00:00,HOSE:HDB,12963.490894,13106.470573,12725.191429,12844.341162,3146058.0
485,2019-12-18 09:00:00,HOSE:HDB,12653.70159,12844.341162,12463.062018,12606.041697,2555752.0
486,2019-12-19 09:00:00,HOSE:HDB,12606.041697,12629.871643,12367.742232,12486.891964,2678371.0
487,2019-12-20 09:00:00,HOSE:HDB,12486.891964,12510.721911,12439.232071,12486.891964,1879942.0
488,2019-12-23 09:00:00,HOSE:HDB,12486.891964,12558.381804,12439.232071,12534.551857,2461941.0
489,2019-12-24 09:00:00,HOSE:HDB,12558.381804,12868.171108,12558.381804,12772.851322,3518742.0
490,2019-12-25 09:00:00,HOSE:HDB,12749.021376,12868.171108,12677.531536,12725.191429,1748848.0
491,2019-12-26 09:00:00,HOSE:HDB,12677.531536,12725.191429,12582.21175,12629.871643,1386215.0
492,2019-12-27 09:00:00,HOSE:HDB,12629.871643,12868.171108,12606.041697,12868.171108,4626928.0
493,2019-12-30 09:00:00,HOSE:HDB,12868.171108,12892.001055,12772.851322,12820.511215,1884285.0
494,2019-12-31 09:00:00,HOSE:HDB,12820.511215,13130.30052,12772.851322,13130.30052,4513877.0
495,2020-01-02 09:00:00,HOSE:HDB,13106.470573,13249.450252,12939.660948,13249.450252,4790127.0
496,2020-01-03 09:00:00,HOSE:HDB,13225.620306,13225.620306,13058.81068,13130.30052,2739492.0
497,2020-01-06 09:00:00,HOSE:HDB,13106.470573,13106.470573,12772.851322,12868.171108,6943990.0
498,2020-01-07 09:00:00,HOSE:HDB,12868.171108,12868.171108,12677.531536,12725.191429,5383203.0
499,2020-01-08 09:00:00,HOSE:HDB,12677.531536,12820.511215,12463.062018,12725.191429,9137050.0
500,2020-01-09 09:00:00,HOSE:HDB,12725.191429,13154.130466,12701.361483,13106.470573,8863740.0
501,2020-01-10 09:00:00,HOSE:HDB,13130.30052,13535.40961,13130.30052,13392.429931,8429225.0
502,2020-01-13 09:00:00,HOSE:HDB,13392.429931,13416.259878,13177.960413,13297.110145,1817836.0
503,2020-01-14 09:00:00,HOSE:HDB,13201.790359,13416.259878,13154.130466,13344.770038,1705835.0
504,2020-01-15 09:00:00,HOSE:HDB,13344.770038,13368.599985,13177.960413,13225.620306,1494840.0
505,2020-01-16 09:00:00,HOSE:HDB,13225.620306,13678.389289,13201.790359,13654.559343,8193722.0
506,2020-01-17 09:00:00,HOSE:HDB,13678.389289,13797.539022,13606.89945,13606.89945,4555152.0
507,2020-01-20 09:00:00,HOSE:HDB,13606.89945,13606.89945,13392.429931,13463.919771,1971676.0
508,2020-01-21 09:00:00,HOSE:HDB,13463.919771,13869.028861,13440.089824,13797.539022,3475415.0
509,2020-01-22 09:00:00,HOSE:HDB,13797.539022,13845.198915,13583.069503,13821.368968,4703386.0
510,2020-01-30 09:00:00,HOSE:HDB,13678.389289,13678.389289,13320.940092,13320.940092,3558061.0
511,2020-01-31 09:00:00,HOSE:HDB,13273.280199,13297.110145,12391.572179,12868.171108,3968220.0
512,2020-02-03 09:00:00,HOSE:HDB,12701.361483,13082.640627,12177.10266,12868.171108,3829380.0
513,2020-02-04 09:00:00,HOSE:HDB,12892.001055,13201.790359,12796.681269,13130.30052,3400108.0
514,2020-02-05 09:00:00,HOSE:HDB,13130.30052,13583.069503,12987.320841,13535.40961,4889875.0
515,2020-02-06 09:00:00,HOSE:HDB,13559.239557,14297.967898,13511.579664,14250.308005,6926240.0
516,2020-02-07 09:00:00,HOSE:HDB,14250.308005,14345.627791,14107.328326,14274.137952,4348475.0
517,2020-02-10 09:00:00,HOSE:HDB,14226.478059,14250.308005,13892.858808,14059.668433,2581498.0
518,2020-02-11 09:00:00,HOSE:HDB,14012.00854,14107.328326,13749.879129,13821.368968,6632407.0
519,2020-02-12 09:00:00,HOSE:HDB,13845.198915,14250.308005,13845.198915,13916.688754,3953281.0
520,2020-02-13 09:00:00,HOSE:HDB,13940.518701,14059.668433,13869.028861,13916.688754,3363496.0
521,2020-02-14 09:00:00,HOSE:HDB,13940.518701,14083.49838,13630.729396,13630.729396,4592202.0
522,2020-02-17 09:00:00,HOSE:HDB,13630.729396,13702.219236,13606.89945,13702.219236,4345013.0
523,2020-02-18 09:00:00,HOSE:HDB,13678.389289,13821.368968,13654.559343,13654.559343,2265886.0
524,2020-02-19 09:00:00,HOSE:HDB,13654.559343,13654.559343,13392.429931,13583.069503,3815890.0
525,2020-02-20 09:00:00,HOSE:HDB,13606.89945,13654.559343,13487.749717,13535.40961,2400757.0
526,2020-02-21 09:00:00,HOSE:HDB,13511.579664,13678.389289,13440.089824,13535.40961,2504326.0
527,2020-02-24 09:00:00,HOSE:HDB,13344.770038,13368.599985,12987.320841,12987.320841,4881733.0
528,2020-02-25 09:00:00,HOSE:HDB,12868.171108,13368.599985,12844.341162,13344.770038,8349806.0
529,2020-02-26 09:00:00,HOSE:HDB,13201.790359,13463.919771,13034.980734,13201.790359,3105898.0
530,2020-02-27 09:00:00,HOSE:HDB,13225.620306,13392.429931,13177.960413,13344.770038,3236807.0
531,2020-02-28 09:00:00,HOSE:HDB,13130.30052,13249.450252,12963.490894,13249.450252,2549395.0
532,2020-03-02 09:00:00,HOSE:HDB,13201.790359,13344.770038,13058.81068,13201.790359,5969461.0
533,2020-03-03 09:00:00,HOSE:HDB,13344.770038,13487.749717,13154.130466,13201.790359,5328398.0
534,2020-03-04 09:00:00,HOSE:HDB,13201.790359,13463.919771,13201.790359,13416.259878,6349151.0
535,2020-03-05 09:00:00,HOSE:HDB,13463.919771,13654.559343,13225.620306,13344.770038,2485713.0
536,2020-03-06 09:00:00,HOSE:HDB,13297.110145,13344.770038,13106.470573,13344.770038,1511080.0
537,2020-03-09 09:00:00,HOSE:HDB,12772.851322,12796.681269,12415.402125,12415.402125,3381877.0
538,2020-03-10 09:00:00,HOSE:HDB,11938.803195,12701.361483,11914.973249,12296.252393,5242708.0
539,2020-03-11 09:00:00,HOSE:HDB,12391.572179,12391.572179,11438.374319,11676.673784,2843436.0
540,2020-03-12 09:00:00,HOSE:HDB,11509.864158,11509.864158,10866.455603,10866.455603,4570822.0
541,2020-03-13 09:00:00,HOSE:HDB,10127.727261,11176.244907,10127.727261,10961.775389,9589655.0
542,2020-03-16 09:00:00,HOSE:HDB,10651.986084,10961.775389,10199.217101,10342.19678,7604211.0
543,2020-03-17 09:00:00,HOSE:HDB,9817.937957,10747.30587,9674.958278,10103.897315,9439317.0
544,2020-03-18 09:00:00,HOSE:HDB,10461.346512,10461.346512,10032.407475,10151.557208,4022480.0
545,2020-03-19 09:00:00,HOSE:HDB,10008.577529,10008.577529,9460.488759,9960.917636,4845455.0
546,2020-03-20 09:00:00,HOSE:HDB,9865.59785,9960.917636,9412.828866,9960.917636,3229568.0
547,2020-03-23 09:00:00,HOSE:HDB,9341.339027,9341.339027,9269.849187,9269.849187,2278391.0
548,2020-03-24 09:00:00,HOSE:HDB,9269.849187,9388.99892,8912.39999,9055.379669,3565068.0
549,2020-03-25 09:00:00,HOSE:HDB,9484.318706,9484.318706,9126.869508,9484.318706,4335572.0
550,2020-03-26 09:00:00,HOSE:HDB,9436.658813,9484.318706,9007.719776,9341.339027,7182115.0
551,2020-03-27 09:00:00,HOSE:HDB,9293.679134,9293.679134,8697.930471,8697.930471,4125058.0
552,2020-03-30 09:00:00,HOSE:HDB,8340.481274,8340.481274,8102.181809,8221.331542,3823800.0
553,2020-03-31 09:00:00,HOSE:HDB,8554.950792,8721.760418,7673.242772,8483.460953,5915867.0
554,2020-04-01 09:00:00,HOSE:HDB,8531.120846,9031.549722,8507.290899,9031.549722,1578241.0
555,2020-04-03 09:00:00,HOSE:HDB,9103.039562,9317.50908,9055.379669,9317.50908,2378832.0
556,2020-04-06 09:00:00,HOSE:HDB,9341.339027,9770.278064,9341.339027,9770.278064,4239453.0
557,2020-04-07 09:00:00,HOSE:HDB,9770.278064,9960.917636,9579.638492,9889.427796,2632503.0
558,2020-04-08 09:00:00,HOSE:HDB,9770.278064,9865.59785,9555.808545,9841.767903,2267146.0
559,2020-04-09 09:00:00,HOSE:HDB,9841.767903,9913.257743,9603.468438,9841.767903,4372352.0
560,2020-04-10 09:00:00,HOSE:HDB,9603.468438,9770.278064,9436.658813,9531.978599,3306948.0
561,2020-04-13 09:00:00,HOSE:HDB,9508.148652,9627.298385,9222.189294,9627.298385,12843648.0
562,2020-04-14 09:00:00,HOSE:HDB,9651.128331,9651.128331,9317.50908,9531.978599,2873586.0
563,2020-04-15 09:00:00,HOSE:HDB,9531.978599,9841.767903,9531.978599,9841.767903,2467733.0
564,2020-04-16 09:00:00,HOSE:HDB,9817.937957,10103.897315,9722.618171,9984.747582,4010455.0
565,2020-04-17 09:00:00,HOSE:HDB,10342.19678,10485.176459,10223.047047,10246.876994,5170928.0
566,2020-04-20 09:00:00,HOSE:HDB,10389.856673,10461.346512,10127.727261,10175.387154,5257541.0
567,2020-04-21 09:00:00,HOSE:HDB,9913.257743,10008.577529,9508.148652,9579.638492,5026866.0
568,2020-04-22 09:00:00,HOSE:HDB,9293.679134,9960.917636,9198.359348,9913.257743,3122181.0
569,2020-04-23 09:00:00,HOSE:HDB,10008.577529,10103.897315,9627.298385,9817.937957,4730935.0
570,2020-04-24 09:00:00,HOSE:HDB,9817.937957,9817.937957,9555.808545,9817.937957,4355945.0
571,2020-04-27 09:00:00,HOSE:HDB,9722.618171,9913.257743,9651.128331,9770.278064,3703091.0
572,2020-04-28 09:00:00,HOSE:HDB,9770.278064,9865.59785,9579.638492,9794.10801,5572985.0
573,2020-04-29 09:00:00,HOSE:HDB,9794.10801,9865.59785,9746.448117,9841.767903,4848728.0
574,2020-05-04 09:00:00,HOSE:HDB,9841.767903,10318.366833,9794.10801,10270.70694,3804453.0
575,2020-05-05 09:00:00,HOSE:HDB,10294.536887,10342.19678,10056.237422,10318.366833,2469683.0
576,2020-05-06 09:00:00,HOSE:HDB,10294.536887,10294.536887,10080.067368,10199.217101,7330817.0
577,2020-05-07 09:00:00,HOSE:HDB,10389.856673,10389.856673,10103.897315,10151.557208,2778351.0
578,2020-05-08 09:00:00,HOSE:HDB,10151.557208,10842.625656,10151.557208,10675.816031,4861233.0
579,2020-05-11 09:00:00,HOSE:HDB,10675.816031,10914.115496,10485.176459,10747.30587,3082673.0
580,2020-05-12 09:00:00,HOSE:HDB,10747.30587,10914.115496,10699.645977,10818.79571,6329427.0
581,2020-05-13 09:00:00,HOSE:HDB,10771.135817,11390.714426,10580.496245,11295.39464,4761526.0
582,2020-05-14 09:00:00,HOSE:HDB,11057.095175,11200.074854,10961.775389,10961.775389,1806213.0
583,2020-05-15 09:00:00,HOSE:HDB,10961.775389,11200.074854,10747.30587,10890.285549,1177905.0
584,2020-05-18 09:00:00,HOSE:HDB,10818.79571,11057.095175,10747.30587,11057.095175,2175137.0
585,2020-05-19 09:00:00,HOSE:HDB,11295.39464,11390.714426,11104.755068,11223.9048,2765613.0
586,2020-05-20 09:00:00,HOSE:HDB,11104.755068,11223.9048,11104.755068,11176.244907,1026373.0
587,2020-05-21 09:00:00,HOSE:HDB,11033.265228,11938.803195,11033.265228,11938.803195,2357430.0
588,2020-05-22 09:00:00,HOSE:HDB,11438.374319,11676.673784,11366.884479,11390.714426,2196057.0
589,2020-05-25 09:00:00,HOSE:HDB,11438.374319,11629.013891,11343.054533,11486.034212,1977761.0
590,2020-05-26 09:00:00,HOSE:HDB,11295.39464,11605.183944,11295.39464,11605.183944,1626271.0
591,2020-05-27 09:00:00,HOSE:HDB,11819.653463,11819.653463,11295.39464,11295.39464,1785147.0
592,2020-05-28 09:00:00,HOSE:HDB,11438.374319,11438.374319,11271.564693,11295.39464,1070458.0
593,2020-05-29 09:00:00,HOSE:HDB,11247.734747,11533.694105,11080.925121,11533.694105,1967901.0
594,2020-06-01 09:00:00,HOSE:HDB,11557.524051,11914.973249,11557.524051,11891.143302,1869052.0
595,2020-06-02 09:00:00,HOSE:HDB,12701.361483,12701.361483,12629.871643,12701.361483,4799107.0
596,2020-06-03 09:00:00,HOSE:HDB,13583.069503,13583.069503,12868.171108,13583.069503,4195832.0
597,2020-06-04 09:00:00,HOSE:HDB,13583.069503,13678.389289,13249.450252,13249.450252,1979963.0
598,2020-06-05 09:00:00,HOSE:HDB,13058.81068,13249.450252,12820.511215,13106.470573,1955246.0
599,2020-06-08 09:00:00,HOSE:HDB,13154.130466,13297.110145,12987.320841,13058.81068,3127113.0
600,2020-06-09 09:00:00,HOSE:HDB,13058.81068,13392.429931,12987.320841,13368.599985,6297515.0
601,2020-06-10 09:00:00,HOSE:HDB,13368.599985,13392.429931,13058.81068,13344.770038,1509086.0
602,2020-06-11 09:00:00,HOSE:HDB,13249.450252,13297.110145,12820.511215,12963.490894,3784058.0
603,2020-06-12 09:00:00,HOSE:HDB,12200.932607,12868.171108,12200.932607,12820.511215,1944797.0
604,2020-06-15 09:00:00,HOSE:HDB,13583.069503,13654.559343,12629.871643,13011.150787,5593821.0
605,2020-06-16 09:00:00,HOSE:HDB,13106.470573,13154.130466,12868.171108,13011.150787,3627533.0
606,2020-06-17 09:00:00,HOSE:HDB,13011.150787,13011.150787,12772.851322,12796.681269,1237493.0
607,2020-06-18 09:00:00,HOSE:HDB,12629.871643,12749.021376,12534.551857,12653.70159,1434725.0
608,2020-06-19 09:00:00,HOSE:HDB,12558.381804,12772.851322,12558.381804,12772.851322,958013.0
609,2020-06-22 09:00:00,HOSE:HDB,12844.341162,12844.341162,12463.062018,12629.871643,1352372.0
610,2020-06-23 09:00:00,HOSE:HDB,12772.851322,12772.851322,12558.381804,12629.871643,1293475.0
611,2020-06-24 09:00:00,HOSE:HDB,12629.871643,12677.531536,12486.891964,12510.721911,972178.0
612,2020-06-25 09:00:00,HOSE:HDB,12415.402125,12415.402125,12153.272714,12248.5925,1532542.0
613,2020-06-26 09:00:00,HOSE:HDB,12391.572179,12439.232071,11986.463088,12081.782874,1950148.0
614,2020-06-29 09:00:00,HOSE:HDB,11914.973249,11986.463088,11366.884479,11771.99357,3340353.0
615,2020-06-30 09:00:00,HOSE:HDB,11867.313356,11938.803195,11366.884479,11819.653463,2112906.0
616,2020-07-01 09:00:00,HOSE:HDB,11605.183944,11819.653463,11486.034212,11700.50373,1943896.0
617,2020-07-02 09:00:00,HOSE:HDB,11914.973249,12010.293035,11652.843837,11771.99357,1483865.0
618,2020-07-03 09:00:00,HOSE:HDB,11891.143302,12582.21175,11819.653463,12391.572179,3869876.0
619,2020-07-06 09:00:00,HOSE:HDB,12391.572179,12534.551857,12224.762553,12391.572179,1630236.0
620,2020-07-07 09:00:00,HOSE:HDB,12510.721911,12534.551857,12391.572179,12391.572179,1414288.0
621,2020-07-08 09:00:00,HOSE:HDB,12391.572179,12439.232071,12248.5925,12415.402125,1079941.0
622,2020-07-09 09:00:00,HOSE:HDB,12415.402125,13011.150787,12415.402125,12963.490894,3500362.0
623,2020-07-10 09:00:00,HOSE:HDB,12772.851322,13034.980734,12677.531536,12701.361483,2322580.0
624,2020-07-13 09:00:00,HOSE:HDB,12725.191429,12868.171108,12582.21175,12701.361483,1788167.0
625,2020-07-14 09:00:00,HOSE:HDB,12677.531536,12749.021376,12510.721911,12725.191429,3473610.0
626,2020-07-15 09:00:00,HOSE:HDB,12725.191429,12963.490894,12725.191429,12796.681269,3421972.0
627,2020-07-16 09:00:00,HOSE:HDB,12796.681269,12963.490894,12677.531536,12963.490894,4261381.0
628,2020-07-17 09:00:00,HOSE:HDB,12796.681269,12892.001055,12796.681269,12844.341162,1450168.0
629,2020-07-20 09:00:00,HOSE:HDB,12868.171108,12963.490894,12725.191429,12749.021376,1542468.0
630,2020-07-21 09:00:00,HOSE:HDB,12844.341162,12844.341162,12629.871643,12653.70159,1381495.0
631,2020-07-22 09:00:00,HOSE:HDB,12653.70159,12796.681269,12439.232071,12534.551857,1429208.0
632,2020-07-23 09:00:00,HOSE:HDB,12534.551857,12677.531536,12439.232071,12677.531536,1191565.0
633,2020-07-24 09:00:00,HOSE:HDB,12534.551857,12629.871643,11819.653463,12057.952928,2733888.0
634,2020-07-27 09:00:00,HOSE:HDB,11295.39464,11819.653463,11223.9048,11223.9048,3494843.0
635,2020-07-28 09:00:00,HOSE:HDB,11223.9048,11581.353998,10985.605335,11438.374319,4122247.0
636,2020-07-29 09:00:00,HOSE:HDB,11057.095175,11438.374319,10914.115496,11343.054533,2014690.0
637,2020-07-30 09:00:00,HOSE:HDB,11247.734747,11557.524051,11247.734747,11486.034212,1050587.0
638,2020-07-31 09:00:00,HOSE:HDB,10985.605335,11486.034212,10985.605335,11414.544372,1451742.0
639,2020-08-03 09:00:00,HOSE:HDB,11319.224586,11724.333677,11319.224586,11629.013891,1208456.0
640,2020-08-04 09:00:00,HOSE:HDB,11867.313356,11867.313356,11629.013891,11748.163623,1001447.0
641,2020-08-05 09:00:00,HOSE:HDB,11748.163623,12200.932607,11700.50373,12153.272714,1686490.0
642,2020-08-06 09:00:00,HOSE:HDB,12153.272714,12510.721911,11962.633142,12391.572179,2015781.0
643,2020-08-07 09:00:00,HOSE:HDB,12391.572179,12439.232071,12248.5925,12415.402125,1300273.0
644,2020-08-10 09:00:00,HOSE:HDB,12439.232071,12772.851322,12439.232071,12629.871643,2186342.0
645,2020-08-11 09:00:00,HOSE:HDB,12725.191429,12820.511215,12558.381804,12725.191429,2165402.0
646,2020-08-12 09:00:00,HOSE:HDB,12725.191429,12796.681269,12653.70159,12796.681269,1140348.0
647,2020-08-13 09:00:00,HOSE:HDB,12820.511215,12915.831001,12725.191429,12915.831001,2202162.0
648,2020-08-14 09:00:00,HOSE:HDB,13011.150787,13201.790359,12915.831001,13058.81068,4175920.0
649,2020-08-17 09:00:00,HOSE:HDB,13130.30052,13225.620306,13034.980734,13154.130466,3427888.0
650,2020-08-18 09:00:00,HOSE:HDB,13225.620306,13225.620306,12963.490894,13058.81068,1990957.0
651,2020-08-19 09:00:00,HOSE:HDB,13058.81068,13082.640627,12892.001055,12939.660948,1545468.0
652,2020-08-20 09:00:00,HOSE:HDB,12939.660948,12987.320841,12796.681269,12796.681269,2769600.0
653,2020-08-21 09:00:00,HOSE:HDB,12820.511215,13011.150787,12820.511215,12963.490894,1017646.0
654,2020-08-24 09:00:00,HOSE:HDB,12963.490894,13440.089824,12963.490894,13440.089824,3164943.0
655,2020-08-25 09:00:00,HOSE:HDB,13440.089824,13630.729396,13440.089824,13440.089824,2226565.0
656,2020-08-26 09:00:00,HOSE:HDB,13344.770038,13559.239557,13297.110145,13463.919771,1388523.0
657,2020-08-27 09:00:00,HOSE:HDB,13440.089824,13535.40961,13392.429931,13416.259878,1164897.0
658,2020-08-28 09:00:00,HOSE:HDB,13416.259878,13583.069503,13416.259878,13440.089824,1552308.0
659,2020-08-31 09:00:00,HOSE:HDB,13440.089824,13559.239557,13416.259878,13511.579664,1532501.0
660,2020-09-01 09:00:00,HOSE:HDB,13487.749717,13630.729396,13463.919771,13583.069503,1914373.0
661,2020-09-03 09:00:00,HOSE:HDB,13821.368968,14202.648112,13773.709075,14202.648112,8616006.0
662,2020-09-04 09:00:00,HOSE:HDB,14154.988219,14274.137952,14012.00854,14154.988219,3645305.0
663,2020-09-07 09:00:00,HOSE:HDB,14297.967898,14297.967898,13916.688754,13916.688754,3147843.0
664,2020-09-08 09:00:00,HOSE:HDB,13916.688754,14154.988219,13630.729396,14012.00854,2054346.0
665,2020-09-09 09:00:00,HOSE:HDB,13773.709075,14059.668433,13726.049182,13869.028861,2029985.0
666,2020-09-10 09:00:00,HOSE:HDB,13988.178594,14059.668433,13869.028861,13964.348647,1070938.0
667,2020-09-11 09:00:00,HOSE:HDB,14297.967898,14726.906935,14250.308005,14464.777524,6253746.0
668,2020-09-14 09:00:00,HOSE:HDB,14679.247042,14679.247042,14345.627791,14417.117631,3478456.0
669,2020-09-15 09:00:00,HOSE:HDB,14393.287684,14464.777524,14250.308005,14250.308005,3625897.0
670,2020-09-16 09:00:00,HOSE:HDB,14250.308005,14369.457738,14154.988219,14226.478059,2666788.0
671,2020-09-17 09:00:00,HOSE:HDB,14226.478059,14274.137952,14107.328326,14107.328326,3125202.0
672,2020-09-18 09:00:00,HOSE:HDB,14107.328326,14250.308005,14107.328326,14178.818166,2114332.0
673,2020-09-21 09:00:00,HOSE:HDB,14369.457738,14726.906935,14369.457738,14631.587149,4323151.0
674,2020-09-22 09:00:00,HOSE:HDB,14631.587149,14726.906935,14440.947577,14726.906935,3885341.0
675,2020-09-23 09:00:00,HOSE:HDB,14774.566828,14893.716561,14703.076989,14798.396775,2219222.0
676,2020-09-24 09:00:00,HOSE:HDB,14774.566828,14822.226721,14726.906935,14798.396775,1836636.0
677,2020-09-25 09:00:00,HOSE:HDB,14798.396775,14846.056668,14631.587149,14846.056668,3062215.0
678,2020-09-28 09:00:00,HOSE:HDB,15108.186079,15108.186079,14869.886614,14989.036347,2291001.0
679,2020-09-29 09:00:00,HOSE:HDB,15012.866293,15251.165758,14893.716561,14893.716561,4335761.0
680,2020-09-30 09:00:00,HOSE:HDB,14965.2064,14989.036347,14822.226721,14917.546507,5450556.0
681,2020-10-01 09:00:00,HOSE:HDB,15568.46928,15820.59024,15536.95416,15631.49952,4600092.0
682,2020-10-02 09:00:00,HOSE:HDB,15757.56,15789.07512,15253.31808,15568.46928,3074190.0
683,2020-10-05 09:00:00,HOSE:HDB,15694.52976,15757.56,15568.46928,15631.49952,1591616.0
684,2020-10-06 09:00:00,HOSE:HDB,15663.01464,15757.56,15536.95416,15568.46928,2529341.0
685,2020-10-07 09:00:00,HOSE:HDB,15442.4088,15631.49952,15410.89368,15568.46928,2202577.0
686,2020-10-08 09:00:00,HOSE:HDB,15505.43904,15599.9844,15316.34832,15442.4088,2389772.0
687,2020-10-09 09:00:00,HOSE:HDB,15536.95416,15536.95416,15442.4088,15442.4088,2244207.0
688,2020-10-12 09:00:00,HOSE:HDB,15505.43904,15568.46928,15316.34832,15347.86344,2145017.0
689,2020-10-13 09:00:00,HOSE:HDB,15347.86344,15379.37856,15127.2576,15127.2576,2243906.0
690,2020-10-14 09:00:00,HOSE:HDB,15127.2576,15379.37856,15064.22736,15284.8332,2100483.0
691,2020-10-15 09:00:00,HOSE:HDB,15379.37856,15505.43904,15253.31808,15505.43904,2099293.0
692,2020-10-16 09:00:00,HOSE:HDB,15505.43904,15757.56,15379.37856,15631.49952,7148790.0
693,2020-10-19 09:00:00,HOSE:HDB,15694.52976,15694.52976,15505.43904,15599.9844,2155711.0
694,2020-10-20 09:00:00,HOSE:HDB,15568.46928,16135.74144,15568.46928,15946.65072,8125733.0
695,2020-10-21 09:00:00,HOSE:HDB,16135.74144,16261.80192,15915.1356,15946.65072,3948025.0
696,2020-10-22 09:00:00,HOSE:HDB,15946.65072,16041.19608,15757.56,15915.1356,6191551.0
697,2020-10-23 09:00:00,HOSE:HDB,15946.65072,16041.19608,15820.59024,16041.19608,6576548.0
698,2020-10-26 09:00:00,HOSE:HDB,15946.65072,16041.19608,15757.56,15757.56,3026515.0
699,2020-10-27 09:00:00,HOSE:HDB,15757.56,15757.56,15473.92392,15473.92392,3454753.0
700,2020-10-28 09:00:00,HOSE:HDB,15442.4088,15442.4088,14496.9552,14496.9552,5275578.0
701,2020-10-29 09:00:00,HOSE:HDB,14496.9552,15032.71224,14433.92496,14875.13664,3424975.0
702,2020-10-30 09:00:00,HOSE:HDB,15253.31808,15316.34832,14843.62152,15253.31808,3394877.0
703,2020-11-02 09:00:00,HOSE:HDB,15253.31808,15379.37856,15001.19712,15379.37856,2270448.0
704,2020-11-03 09:00:00,HOSE:HDB,15442.4088,15505.43904,15190.28784,15347.86344,2441462.0
705,2020-11-04 09:00:00,HOSE:HDB,15757.56,16104.22632,15757.56,15883.62048,18781603.0
706,2020-11-05 09:00:00,HOSE:HDB,15852.10536,16230.2868,15757.56,15883.62048,14689678.0
707,2020-11-06 09:00:00,HOSE:HDB,16009.68096,16009.68096,15757.56,15820.59024,2063056.0
708,2020-11-09 09:00:00,HOSE:HDB,16009.68096,16041.19608,15883.62048,16041.19608,3235526.0
709,2020-11-10 09:00:00,HOSE:HDB,16324.83216,16387.8624,16041.19608,16072.7112,5664073.0
710,2020-11-11 09:00:00,HOSE:HDB,16072.7112,16261.80192,15978.16584,16261.80192,5506451.0
711,2020-11-12 09:00:00,HOSE:HDB,16261.80192,16356.34728,16230.2868,16324.83216,2801591.0
712,2020-11-13 09:00:00,HOSE:HDB,16387.8624,16387.8624,16167.25656,16293.31704,6220632.0
713,2020-11-16 09:00:00,HOSE:HDB,16387.8624,16387.8624,15883.62048,15883.62048,10984140.0
714,2020-11-17 09:00:00,HOSE:HDB,16261.80192,16261.80192,16104.22632,16198.77168,13457523.0
715,2020-11-18 09:00:00,HOSE:HDB,16261.80192,16261.80192,16041.19608,16167.25656,9635311.0
716,2020-11-19 09:00:00,HOSE:HDB,16041.19608,16135.74144,16009.68096,16041.19608,7716453.0
717,2020-11-20 09:00:00,HOSE:HDB,16041.19608,16387.8624,16041.19608,16261.80192,5951111.0
718,2020-11-23 09:00:00,HOSE:HDB,16387.8624,16513.92288,16198.77168,16230.2868,7240682.0
719,2020-11-24 09:00:00,HOSE:HDB,16293.31704,16293.31704,15946.65072,16104.22632,8393811.0
720,2020-11-25 09:00:00,HOSE:HDB,16104.22632,16135.74144,15883.62048,16009.68096,8053022.0
721,2020-11-26 09:00:00,HOSE:HDB,16072.7112,16167.25656,15915.1356,16072.7112,37525590.0
722,2020-11-27 09:00:00,HOSE:HDB,16680.0,17160.0,16400.0,17160.0,13125675.0
723,2020-11-30 09:00:00,HOSE:HDB,17440.0,18360.0,17400.0,17600.0,8867062.0
724,2020-12-01 09:00:00,HOSE:HDB,17240.0,17880.0,17200.0,17840.0,7841587.0
725,2020-12-02 09:00:00,HOSE:HDB,17600.0,17800.0,17560.0,17640.0,6447675.0
726,2020-12-03 09:00:00,HOSE:HDB,17600.0,17760.0,17440.0,17440.0,6154037.0
727,2020-12-04 09:00:00,HOSE:HDB,17440.0,17520.0,17360.0,17360.0,4949062.0
728,2020-12-07 09:00:00,HOSE:HDB,17360.0,17520.0,17360.0,17480.0,3363937.0
729,2020-12-08 09:00:00,HOSE:HDB,17520.0,17760.0,17480.0,17760.0,3664825.0
730,2020-12-09 09:00:00,HOSE:HDB,18000.0,18240.0,17880.0,18120.0,6435712.0
731,2020-12-10 09:00:00,HOSE:HDB,18160.0,18160.0,17800.0,17800.0,6142937.0
732,2020-12-11 09:00:00,HOSE:HDB,17840.0,18000.0,17760.0,17800.0,4146062.0
733,2020-12-14 09:00:00,HOSE:HDB,17840.0,18000.0,17760.0,17880.0,4023812.0
734,2020-12-15 09:00:00,HOSE:HDB,17880.0,17920.0,17600.0,17800.0,6147300.0
735,2020-12-16 09:00:00,HOSE:HDB,17760.0,18000.0,17680.0,17920.0,5699325.0
736,2020-12-17 09:00:00,HOSE:HDB,17920.0,18440.0,17680.0,18200.0,7864912.0
737,2020-12-18 09:00:00,HOSE:HDB,18200.0,18960.0,18160.0,18960.0,12261887.0
738,2020-12-21 09:00:00,HOSE:HDB,19200.0,20000.0,19200.0,19960.0,7862562.0
739,2020-12-22 09:00:00,HOSE:HDB,20000.0,20000.0,19440.0,19680.0,5204662.0
740,2020-12-23 09:00:00,HOSE:HDB,19600.0,19680.0,19200.0,19200.0,7951412.0
741,2020-12-24 09:00:00,HOSE:HDB,19200.0,19240.0,18000.0,18560.0,8288025.0
742,2020-12-25 09:00:00,HOSE:HDB,18600.0,19280.0,18520.0,19200.0,6348137.0
743,2020-12-28 09:00:00,HOSE:HDB,19360.0,19560.0,18840.0,19080.0,7088337.0
744,2020-12-29 09:00:00,HOSE:HDB,19080.0,19120.0,18840.0,18920.0,4406087.0
745,2020-12-30 09:00:00,HOSE:HDB,18920.0,19120.0,18880.0,18880.0,23543040.0
746,2020-12-31 09:00:00,HOSE:HDB,18960.0,19160.0,18880.0,19000.0,3234412.0
747,2021-01-04 09:00:00,HOSE:HDB,19320.0,19360.0,19120.0,19280.0,8536250.0
748,2021-01-05 09:00:00,HOSE:HDB,19280.0,19920.0,19280.0,19800.0,9039750.0
749,2021-01-06 09:00:00,HOSE:HDB,19840.0,20880.0,19840.0,20520.0,14163875.0
750,2021-01-07 09:00:00,HOSE:HDB,20800.0,21560.0,20760.0,21440.0,11298375.0
751,2021-01-08 09:00:00,HOSE:HDB,21760.0,22000.0,21440.0,21680.0,8655875.0
752,2021-01-11 09:00:00,HOSE:HDB,21760.0,21960.0,21200.0,21480.0,8460375.0
753,2021-01-12 09:00:00,HOSE:HDB,21360.0,21520.0,21040.0,21400.0,6377375.0
754,2021-01-13 09:00:00,HOSE:HDB,21400.0,21600.0,21360.0,21480.0,8986000.0
755,2021-01-14 09:00:00,HOSE:HDB,21600.0,21600.0,21200.0,21440.0,4687500.0
756,2021-01-15 09:00:00,HOSE:HDB,21600.0,22400.0,21560.0,22320.0,9129375.0
757,2021-01-18 09:00:00,HOSE:HDB,22320.0,22320.0,21600.0,21800.0,6437750.0
758,2021-01-19 09:00:00,HOSE:HDB,21600.0,21600.0,20280.0,20280.0,8224511.0
759,2021-01-20 09:00:00,HOSE:HDB,20280.0,20680.0,19200.0,20400.0,8325375.0
760,2021-01-21 09:00:00,HOSE:HDB,20560.0,21040.0,20000.0,20640.0,5893625.0
761,2021-01-22 09:00:00,HOSE:HDB,20640.0,21160.0,20560.0,20880.0,5546500.0
762,2021-01-25 09:00:00,HOSE:HDB,20880.0,20880.0,20400.0,20520.0,4122625.0
763,2021-01-26 09:00:00,HOSE:HDB,20320.0,20320.0,19200.0,19600.0,4712625.0
764,2021-01-27 09:00:00,HOSE:HDB,19240.0,19800.0,18400.0,18640.0,5841375.0
765,2021-01-28 09:00:00,HOSE:HDB,17360.0,17840.0,17360.0,17360.0,5636125.0
766,2021-01-29 09:00:00,HOSE:HDB,16160.0,18560.0,16160.0,17840.0,6744250.0
767,2021-02-01 09:00:00,HOSE:HDB,17920.0,18520.0,17440.0,17760.0,4301252.0
768,2021-02-02 09:00:00,HOSE:HDB,17760.0,18800.0,17560.0,18560.0,4813000.0
769,2021-02-03 09:00:00,HOSE:HDB,18720.0,19280.0,18560.0,19200.0,5622000.0
770,2021-02-04 09:00:00,HOSE:HDB,19200.0,19320.0,18680.0,18840.0,6279500.0
771,2021-02-05 09:00:00,HOSE:HDB,18880.0,19280.0,18840.0,19280.0,4125250.0
772,2021-02-08 09:00:00,HOSE:HDB,19240.0,19280.0,18280.0,18760.0,4898000.0
773,2021-02-09 09:00:00,HOSE:HDB,18880.0,19280.0,18640.0,19280.0,3945000.0
774,2021-02-17 09:00:00,HOSE:HDB,19440.0,20320.0,19280.0,20320.0,5254875.0
775,2021-02-18 09:00:00,HOSE:HDB,20320.0,20640.0,20000.0,20400.0,6729375.0
776,2021-02-19 09:00:00,HOSE:HDB,20080.0,20600.0,19920.0,20440.0,5561800.0
777,2021-02-22 09:00:00,HOSE:HDB,20440.0,20960.0,20440.0,20640.0,8274250.0
778,2021-02-23 09:00:00,HOSE:HDB,20480.0,21000.0,20400.0,20760.0,5763750.0
779,2021-02-24 09:00:00,HOSE:HDB,20800.0,20920.0,20160.0,20360.0,5548375.0
780,2021-02-25 09:00:00,HOSE:HDB,20520.0,20560.0,19840.0,20400.0,6163750.0
781,2021-02-26 09:00:00,HOSE:HDB,20000.0,20320.0,19960.0,20120.0,5410625.0
782,2021-03-01 09:00:00,HOSE:HDB,20240.0,20640.0,20240.0,20640.0,4089750.0
783,2021-03-02 09:00:00,HOSE:HDB,20880.0,21600.0,20720.0,21360.0,10696375.0
784,2021-03-03 09:00:00,HOSE:HDB,21400.0,21840.0,21200.0,21560.0,7126750.0
785,2021-03-04 09:00:00,HOSE:HDB,21520.0,21600.0,20640.0,20960.0,5542250.0
786,2021-03-05 09:00:00,HOSE:HDB,20960.0,21040.0,20480.0,20680.0,6331812.0
787,2021-03-08 09:00:00,HOSE:HDB,20960.0,21040.0,20680.0,20760.0,3688500.0
788,2021-03-09 09:00:00,HOSE:HDB,20680.0,20880.0,20200.0,20760.0,3185750.0
789,2021-03-10 09:00:00,HOSE:HDB,20760.0,20960.0,20480.0,20880.0,3508375.0
790,2021-03-11 09:00:00,HOSE:HDB,21200.0,21280.0,20880.0,21120.0,4527125.0
791,2021-03-12 09:00:00,HOSE:HDB,21200.0,21480.0,21160.0,21320.0,5064375.0
792,2021-03-15 09:00:00,HOSE:HDB,21320.0,21440.0,21240.0,21320.0,3550875.0
793,2021-03-16 09:00:00,HOSE:HDB,21440.0,21520.0,21200.0,21440.0,5686750.0
794,2021-03-17 09:00:00,HOSE:HDB,21520.0,22080.0,21520.0,22000.0,9747625.0
795,2021-03-18 09:00:00,HOSE:HDB,22240.0,22240.0,21600.0,22000.0,9046250.0
796,2021-03-19 09:00:00,HOSE:HDB,21840.0,21920.0,21560.0,21720.0,6169000.0
797,2021-03-22 09:00:00,HOSE:HDB,21720.0,21720.0,21360.0,21560.0,4954000.0
798,2021-03-23 09:00:00,HOSE:HDB,21560.0,21560.0,21040.0,21200.0,4933750.0
799,2021-03-24 09:00:00,HOSE:HDB,20880.0,21040.0,20000.0,20400.0,6672750.0
800,2021-03-25 09:00:00,HOSE:HDB,20400.0,20720.0,20320.0,20480.0,5163125.0
801,2021-03-26 09:00:00,HOSE:HDB,20400.0,20760.0,19840.0,20600.0,5009500.0
802,2021-03-29 09:00:00,HOSE:HDB,20800.0,20960.0,20560.0,20800.0,3936625.0
803,2021-03-30 09:00:00,HOSE:HDB,20880.0,21080.0,20680.0,20960.0,5115000.0
804,2021-03-31 09:00:00,HOSE:HDB,21280.0,21440.0,21040.0,21120.0,4854625.0
805,2021-04-01 09:00:00,HOSE:HDB,21280.0,21520.0,21120.0,21440.0,4839375.0
806,2021-04-02 09:00:00,HOSE:HDB,21640.0,21920.0,21600.0,21800.0,7776375.0
807,2021-04-05 09:00:00,HOSE:HDB,22640.0,22640.0,22040.0,22120.0,7373375.0
808,2021-04-06 09:00:00,HOSE:HDB,22120.0,22240.0,21760.0,22080.0,6949250.0
809,2021-04-07 09:00:00,HOSE:HDB,22120.0,22240.0,21920.0,22200.0,5417000.0
810,2021-04-08 09:00:00,HOSE:HDB,22400.0,22560.0,22320.0,22440.0,7704875.0
811,2021-04-09 09:00:00,HOSE:HDB,22520.0,22520.0,22320.0,22400.0,4863000.0
812,2021-04-12 09:00:00,HOSE:HDB,22480.0,22480.0,21600.0,22320.0,12250125.0
813,2021-04-13 09:00:00,HOSE:HDB,22640.0,22640.0,22000.0,22120.0,7306125.0
814,2021-04-14 09:00:00,HOSE:HDB,22120.0,22320.0,21880.0,22320.0,3692875.0
815,2021-04-15 09:00:00,HOSE:HDB,22320.0,22320.0,21880.0,21880.0,5821000.0
816,2021-04-16 09:00:00,HOSE:HDB,21760.0,21920.0,21200.0,21320.0,5799375.0
817,2021-04-19 09:00:00,HOSE:HDB,21840.0,21840.0,21320.0,21840.0,4618750.0
818,2021-04-20 09:00:00,HOSE:HDB,22040.0,22080.0,21640.0,21760.0,4338000.0
819,2021-04-22 09:00:00,HOSE:HDB,21760.0,21760.0,21040.0,21040.0,5350375.0
820,2021-04-23 09:00:00,HOSE:HDB,21040.0,21560.0,20800.0,21520.0,5320375.0
821,2021-04-26 09:00:00,HOSE:HDB,21520.0,21680.0,20880.0,21200.0,4944750.0
822,2021-04-27 09:00:00,HOSE:HDB,21200.0,21560.0,20800.0,21440.0,7819875.0
823,2021-04-28 09:00:00,HOSE:HDB,21440.0,21560.0,21360.0,21480.0,3666625.0
824,2021-04-29 09:00:00,HOSE:HDB,21480.0,21960.0,21480.0,21800.0,6045875.0
825,2021-05-04 09:00:00,HOSE:HDB,21320.0,21840.0,21280.0,21760.0,6598000.0
826,2021-05-05 09:00:00,HOSE:HDB,21840.0,23280.0,21840.0,23240.0,25518048.0
827,2021-05-06 09:00:00,HOSE:HDB,23440.0,23560.0,22880.0,23040.0,6803375.0
828,2021-05-07 09:00:00,HOSE:HDB,22720.0,24400.0,22720.0,24000.0,19679875.0
829,2021-05-10 09:00:00,HOSE:HDB,23840.0,25000.0,23840.0,24640.0,11381750.0
830,2021-05-11 09:00:00,HOSE:HDB,24640.0,24800.0,24000.0,24000.0,6721750.0
831,2021-05-12 09:00:00,HOSE:HDB,23840.0,24240.0,23600.0,24160.0,11641750.0
832,2021-05-13 09:00:00,HOSE:HDB,24160.0,24840.0,24080.0,24240.0,11321500.0
833,2021-05-14 09:00:00,HOSE:HDB,24640.0,25200.0,24400.0,24960.0,9446000.0
834,2021-05-17 09:00:00,HOSE:HDB,25160.0,25520.0,24640.0,24920.0,10527625.0
835,2021-05-18 09:00:00,HOSE:HDB,24920.0,24960.0,24400.0,24480.0,9224875.0
836,2021-05-19 09:00:00,HOSE:HDB,24480.0,25240.0,24440.0,25160.0,8870956.0
837,2021-05-20 09:00:00,HOSE:HDB,25160.0,25840.0,24800.0,25600.0,12210500.0
838,2021-05-21 09:00:00,HOSE:HDB,25600.0,26080.0,25360.0,25520.0,7181500.0
839,2021-05-24 09:00:00,HOSE:HDB,25520.0,25680.0,25280.0,25400.0,6847750.0
840,2021-05-25 09:00:00,HOSE:HDB,25200.0,26000.0,25200.0,26000.0,7443000.0
841,2021-05-26 09:00:00,HOSE:HDB,26240.0,26440.0,25920.0,26240.0,5522750.0
842,2021-05-27 09:00:00,HOSE:HDB,26400.0,26720.0,25520.0,25600.0,8233375.0
843,2021-05-28 09:00:00,HOSE:HDB,25760.0,26400.0,25520.0,26280.0,8695000.0
844,2021-05-31 09:00:00,HOSE:HDB,26400.0,27120.0,25920.0,27040.0,12655500.0
845,2021-06-01 09:00:00,HOSE:HDB,27200.0,28000.0,27200.0,27440.0,6485000.0
846,2021-06-02 09:00:00,HOSE:HDB,27200.0,27520.0,26800.0,27200.0,6216125.0
847,2021-06-03 09:00:00,HOSE:HDB,27640.0,28960.0,27440.0,28640.0,12718125.0
848,2021-06-04 09:00:00,HOSE:HDB,28720.0,28800.0,28000.0,28360.0,11861375.0
849,2021-06-07 09:00:00,HOSE:HDB,28560.0,28720.0,27200.0,27720.0,8686000.0
850,2021-06-08 09:00:00,HOSE:HDB,27720.0,27720.0,25840.0,25840.0,8121000.0
851,2021-06-09 09:00:00,HOSE:HDB,25840.0,27080.0,24800.0,26720.0,7051625.0
852,2021-06-10 09:00:00,HOSE:HDB,26640.0,27200.0,26000.0,26160.0,5055500.0
853,2021-06-11 09:00:00,HOSE:HDB,26240.0,27800.0,26160.0,27560.0,7780250.0
854,2021-06-14 09:00:00,HOSE:HDB,27600.0,27680.0,27200.0,27280.0,5712500.0
855,2021-06-15 09:00:00,HOSE:HDB,27280.0,28480.0,27200.0,27800.0,7003875.0
856,2021-06-16 09:00:00,HOSE:HDB,27360.0,27800.0,26480.0,27040.0,4808625.0
857,2021-06-17 09:00:00,HOSE:HDB,26160.0,27080.0,26160.0,26880.0,5495000.0
858,2021-06-18 09:00:00,HOSE:HDB,27280.0,27640.0,27040.0,27400.0,4798375.0
859,2021-06-21 09:00:00,HOSE:HDB,27160.0,27240.0,26800.0,26920.0,3645250.0
860,2021-06-22 09:00:00,HOSE:HDB,27040.0,27680.0,26880.0,27480.0,6061375.0
861,2021-06-23 09:00:00,HOSE:HDB,27760.0,27760.0,27400.0,27400.0,3823375.0
862,2021-06-24 09:00:00,HOSE:HDB,27400.0,27800.0,27240.0,27400.0,3600875.0
863,2021-06-25 09:00:00,HOSE:HDB,27560.0,28240.0,27400.0,28240.0,6245750.0
864,2021-06-28 09:00:00,HOSE:HDB,28760.0,28880.0,28560.0,28800.0,11935250.0
865,2021-06-29 09:00:00,HOSE:HDB,28680.0,28960.0,28400.0,28720.0,5890375.0
866,2021-06-30 09:00:00,HOSE:HDB,28720.0,28800.0,28400.0,28400.0,4265125.0
867,2021-07-01 09:00:00,HOSE:HDB,28240.0,29160.0,28240.0,29160.0,8933000.0
868,2021-07-02 09:00:00,HOSE:HDB,29200.0,29840.0,29200.0,29760.0,5820125.0
869,2021-07-05 09:00:00,HOSE:HDB,30240.0,30240.0,29200.0,29920.0,6099750.0
870,2021-07-06 09:00:00,HOSE:HDB,30080.0,30320.0,27840.0,28000.0,7288750.0
871,2021-07-07 09:00:00,HOSE:HDB,28400.0,29200.0,27680.0,29200.0,7621000.0
872,2021-07-08 09:00:00,HOSE:HDB,29120.0,29360.0,28640.0,28840.0,4500250.0
873,2021-07-09 09:00:00,HOSE:HDB,28160.0,28880.0,27920.0,28000.0,4156375.0
874,2021-07-12 09:00:00,HOSE:HDB,27840.0,28160.0,26040.0,27040.0,7930625.0
875,2021-07-13 09:00:00,HOSE:HDB,27280.0,27360.0,26240.0,27160.0,3641375.0
876,2021-07-14 09:00:00,HOSE:HDB,27160.0,27200.0,25680.0,26120.0,3545875.0
877,2021-07-15 09:00:00,HOSE:HDB,25840.0,26840.0,25840.0,26560.0,3582000.0
878,2021-07-16 09:00:00,HOSE:HDB,27040.0,27040.0,26520.0,26760.0,3603000.0
879,2021-07-19 09:00:00,HOSE:HDB,26280.0,26280.0,24960.0,25520.0,4236000.0
880,2021-07-20 09:00:00,HOSE:HDB,25520.0,26800.0,25040.0,26720.0,2959000.0
881,2021-07-21 09:00:00,HOSE:HDB,26640.0,26800.0,25640.0,25760.0,3299270.0
882,2021-07-22 09:00:00,HOSE:HDB,25600.0,26080.0,25600.0,25920.0,3016875.0
883,2021-07-23 09:00:00,HOSE:HDB,25840.0,26560.0,25800.0,25880.0,5150000.0
884,2021-07-26 09:00:00,HOSE:HDB,25880.0,26080.0,25360.0,26000.0,1824125.0
885,2021-07-27 09:00:00,HOSE:HDB,26080.0,26320.0,25760.0,26000.0,4388750.0
886,2021-07-28 09:00:00,HOSE:HDB,26240.0,26400.0,26040.0,26320.0,4083250.0
887,2021-07-29 09:00:00,HOSE:HDB,26640.0,26760.0,26400.0,26720.0,2556000.0
888,2021-07-30 09:00:00,HOSE:HDB,26800.0,27120.0,26640.0,26960.0,4170500.0
889,2021-08-02 09:00:00,HOSE:HDB,26960.0,27560.0,26720.0,27360.0,4636875.0
890,2021-08-03 09:00:00,HOSE:HDB,27360.0,27920.0,27240.0,27920.0,4601125.0
891,2021-08-04 09:00:00,HOSE:HDB,28000.0,28240.0,27840.0,28040.0,3909500.0
892,2021-08-05 09:00:00,HOSE:HDB,27800.0,28440.0,27680.0,28400.0,4212375.0
893,2021-08-06 09:00:00,HOSE:HDB,28400.0,28480.0,27880.0,28000.0,3361000.0
894,2021-08-09 09:00:00,HOSE:HDB,27920.0,28400.0,27680.0,28360.0,2891125.0
895,2021-08-10 09:00:00,HOSE:HDB,28720.0,28800.0,28200.0,28440.0,3862125.0
896,2021-08-11 09:00:00,HOSE:HDB,28480.0,28680.0,28320.0,28360.0,2627125.0
897,2021-08-12 09:00:00,HOSE:HDB,28240.0,28400.0,28000.0,28040.0,2571500.0
898,2021-08-13 09:00:00,HOSE:HDB,28000.0,28280.0,27400.0,27800.0,3457625.0
899,2021-08-16 09:00:00,HOSE:HDB,27800.0,28600.0,27680.0,28600.0,4108875.0
900,2021-08-17 09:00:00,HOSE:HDB,28760.0,29200.0,28400.0,28600.0,2855000.0
901,2021-08-18 09:00:00,HOSE:HDB,28600.0,28760.0,28400.0,28480.0,2069000.0
902,2021-08-19 09:00:00,HOSE:HDB,28480.0,28800.0,28120.0,28800.0,3036750.0
903,2021-08-20 09:00:00,HOSE:HDB,28080.0,28560.0,27200.0,27600.0,3914375.0
904,2021-08-23 09:00:00,HOSE:HDB,27440.0,27440.0,26720.0,26880.0,3338375.0
905,2021-08-24 09:00:00,HOSE:HDB,26880.0,27320.0,26600.0,26960.0,3178000.0
906,2021-08-25 09:00:00,HOSE:HDB,27200.0,27200.0,26920.0,27040.0,4399625.0
907,2021-08-26 09:00:00,HOSE:HDB,27250.0,27900.0,26850.0,26850.0,2801300.0
908,2021-08-27 09:00:00,HOSE:HDB,26700.0,26800.0,25700.0,26500.0,2571400.0
909,2021-08-30 09:00:00,HOSE:HDB,26600.0,26750.0,26450.0,26700.0,2303422.0
910,2021-08-31 09:00:00,HOSE:HDB,26700.0,26750.0,25950.0,25950.0,1949100.0
911,2021-09-01 09:00:00,HOSE:HDB,25900.0,26300.0,25600.0,25650.0,3119000.0
912,2021-09-06 09:00:00,HOSE:HDB,25700.0,26600.0,25650.0,26350.0,4075800.0
913,2021-09-07 09:00:00,HOSE:HDB,26600.0,26700.0,26350.0,26700.0,1952300.0
914,2021-09-08 09:00:00,HOSE:HDB,27000.0,27000.0,26600.0,26750.0,2319700.0
915,2021-09-09 09:00:00,HOSE:HDB,26600.0,26750.0,26100.0,26400.0,1965900.0
916,2021-09-10 09:00:00,HOSE:HDB,26300.0,26400.0,25900.0,25900.0,2605000.0
917,2021-09-13 09:00:00,HOSE:HDB,25950.0,25950.0,25200.0,25200.0,3080800.0
918,2021-09-14 09:00:00,HOSE:HDB,25100.0,25450.0,24800.0,24800.0,2116200.0
919,2021-09-15 09:00:00,HOSE:HDB,24800.0,25000.0,24700.0,24750.0,1936900.0
920,2021-09-16 09:00:00,HOSE:HDB,25000.0,25200.0,24800.0,25100.0,1698800.0
921,2021-09-17 09:00:00,HOSE:HDB,25200.0,25450.0,25200.0,25450.0,3111500.0
922,2021-09-20 09:00:00,HOSE:HDB,25800.0,26000.0,25700.0,25700.0,1862600.0
923,2021-09-21 09:00:00,HOSE:HDB,25650.0,25650.0,25300.0,25550.0,1870000.0
924,2021-09-22 09:00:00,HOSE:HDB,25550.0,25550.0,25100.0,25450.0,1509200.0
925,2021-09-23 09:00:00,HOSE:HDB,25500.0,25650.0,25200.0,25400.0,1697000.0
926,2021-09-24 09:00:00,HOSE:HDB,25450.0,25650.0,25300.0,25500.0,1608800.0
927,2021-09-27 09:00:00,HOSE:HDB,25600.0,25950.0,25500.0,25500.0,2164500.0
928,2021-09-28 09:00:00,HOSE:HDB,25500.0,25600.0,25250.0,25450.0,3032800.0
929,2021-09-29 09:00:00,HOSE:HDB,25500.0,25650.0,25200.0,25400.0,2055500.0
930,2021-09-30 09:00:00,HOSE:HDB,25250.0,25500.0,25200.0,25400.0,2452100.0
931,2021-10-01 09:00:00,HOSE:HDB,25350.0,25450.0,24800.0,24850.0,2925550.0
932,2021-10-04 09:00:00,HOSE:HDB,24700.0,24900.0,24050.0,24100.0,2358700.0
933,2021-10-05 09:00:00,HOSE:HDB,24150.0,24600.0,24000.0,24500.0,1150700.0
934,2021-10-06 09:00:00,HOSE:HDB,24700.0,24750.0,24200.0,24250.0,1221300.0
935,2021-10-07 09:00:00,HOSE:HDB,24400.0,24400.0,24050.0,24100.0,1458700.0
936,2021-10-08 09:00:00,HOSE:HDB,24200.0,24350.0,24050.0,24350.0,1393200.0
937,2021-10-11 09:00:00,HOSE:HDB,24500.0,25700.0,24500.0,25650.0,3705000.0
938,2021-10-12 09:00:00,HOSE:HDB,25650.0,25750.0,25350.0,25550.0,2506400.0
939,2021-10-13 09:00:00,HOSE:HDB,25700.0,26100.0,25550.0,25700.0,2856800.0
940,2021-10-14 09:00:00,HOSE:HDB,25600.0,26100.0,25400.0,25950.0,2589000.0
941,2021-10-15 09:00:00,HOSE:HDB,25950.0,26000.0,25600.0,25650.0,2792100.0
942,2021-10-18 09:00:00,HOSE:HDB,25700.0,25850.0,25550.0,25700.0,3820900.0
943,2021-10-19 09:00:00,HOSE:HDB,25800.0,25850.0,25300.0,25450.0,2729900.0
944,2021-10-20 09:00:00,HOSE:HDB,25400.0,25700.0,25050.0,25050.0,2493600.0
945,2021-10-21 09:00:00,HOSE:HDB,25100.0,25300.0,24600.0,24600.0,2785600.0
946,2021-10-22 09:00:00,HOSE:HDB,25000.0,25100.0,24550.0,24550.0,2476900.0
947,2021-10-25 09:00:00,HOSE:HDB,24900.0,24900.0,24450.0,24500.0,2215300.0
948,2021-10-26 09:00:00,HOSE:HDB,24550.0,24700.0,24300.0,24700.0,2018200.0
949,2021-10-27 09:00:00,HOSE:HDB,24700.0,25500.0,24600.0,25200.0,3190200.0
950,2021-10-28 09:00:00,HOSE:HDB,25400.0,25600.0,25250.0,25550.0,9976190.0
951,2021-10-29 09:00:00,HOSE:HDB,25550.0,25550.0,25250.0,25250.0,2942400.0
952,2021-11-01 09:00:00,HOSE:HDB,25450.0,25500.0,25250.0,25300.0,3126200.0
953,2021-11-02 09:00:00,HOSE:HDB,25300.0,25600.0,25300.0,25600.0,5427500.0
954,2021-11-03 09:00:00,HOSE:HDB,25650.0,27350.0,25600.0,27200.0,13981900.0
955,2021-11-04 09:00:00,HOSE:HDB,27350.0,27400.0,26950.0,27050.0,5519100.0
956,2021-11-05 09:00:00,HOSE:HDB,27050.0,27100.0,26500.0,26700.0,3229100.0
957,2021-11-08 09:00:00,HOSE:HDB,26800.0,27200.0,26450.0,27000.0,5302700.0
958,2021-11-09 09:00:00,HOSE:HDB,27200.0,27900.0,27200.0,27700.0,7774000.0
959,2021-11-10 09:00:00,HOSE:HDB,27800.0,28300.0,27750.0,28000.0,4861000.0
960,2021-11-11 09:00:00,HOSE:HDB,28000.0,28100.0,27200.0,27700.0,5559400.0
961,2021-11-12 09:00:00,HOSE:HDB,27700.0,28150.0,27450.0,28000.0,4342900.0
962,2021-11-15 09:00:00,HOSE:HDB,28400.0,29450.0,28200.0,28850.0,9087600.0
963,2021-11-16 09:00:00,HOSE:HDB,28950.0,29200.0,27900.0,27900.0,7452700.0
964,2021-11-17 09:00:00,HOSE:HDB,28000.0,28000.0,27400.0,27800.0,4455400.0
965,2021-11-18 09:00:00,HOSE:HDB,27900.0,29000.0,27900.0,28250.0,7782000.0
966,2021-11-19 09:00:00,HOSE:HDB,28650.0,30200.0,28600.0,30200.0,20935700.0
967,2021-11-22 09:00:00,HOSE:HDB,30800.0,32300.0,30800.0,32300.0,13191900.0
968,2021-11-23 09:00:00,HOSE:HDB,32300.0,32300.0,31400.0,31800.0,6020600.0
969,2021-11-24 09:00:00,HOSE:HDB,31900.0,33950.0,31850.0,33500.0,11977300.0
970,2021-11-25 09:00:00,HOSE:HDB,33400.0,33500.0,32500.0,32500.0,8648900.0
971,2021-11-26 09:00:00,HOSE:HDB,32800.0,33200.0,31350.0,31350.0,7961100.0
972,2021-11-29 09:00:00,HOSE:HDB,31000.0,32450.0,30400.0,31500.0,11772200.0
973,2021-11-30 09:00:00,HOSE:HDB,32300.0,32300.0,30500.0,30500.0,8125940.0
974,2021-12-01 09:00:00,HOSE:HDB,30600.0,32000.0,30550.0,32000.0,6790200.0
975,2021-12-02 09:00:00,HOSE:HDB,32400.0,32500.0,31500.0,31500.0,6367200.0
976,2021-12-03 09:00:00,HOSE:HDB,31900.0,32250.0,31000.0,31000.0,10023300.0
977,2021-12-06 09:00:00,HOSE:HDB,30800.0,31200.0,28850.0,29100.0,9067300.0
978,2021-12-07 09:00:00,HOSE:HDB,29400.0,30450.0,29050.0,30000.0,4231300.0
979,2021-12-08 09:00:00,HOSE:HDB,30200.0,31200.0,29650.0,30300.0,7670700.0
980,2021-12-09 09:00:00,HOSE:HDB,29800.0,30900.0,29800.0,30750.0,3666800.0
981,2021-12-10 09:00:00,HOSE:HDB,30600.0,31400.0,30550.0,30700.0,4182000.0
982,2021-12-13 09:00:00,HOSE:HDB,30700.0,31050.0,30000.0,30050.0,6201300.0
983,2021-12-14 09:00:00,HOSE:HDB,30000.0,30500.0,29600.0,29600.0,5146500.0
984,2021-12-15 09:00:00,HOSE:HDB,29500.0,30850.0,29250.0,30050.0,4866900.0
985,2021-12-16 09:00:00,HOSE:HDB,30400.0,30500.0,29500.0,29700.0,4516500.0
986,2021-12-17 09:00:00,HOSE:HDB,29900.0,30200.0,29400.0,29500.0,6871350.0
987,2021-12-20 09:00:00,HOSE:HDB,29500.0,30000.0,29100.0,29600.0,5448500.0
988,2021-12-21 09:00:00,HOSE:HDB,29600.0,29800.0,29300.0,29400.0,3182800.0
989,2021-12-22 09:00:00,HOSE:HDB,29700.0,29700.0,27800.0,27900.0,10489500.0
990,2021-12-23 09:00:00,HOSE:HDB,28000.0,28350.0,26600.0,26850.0,7637800.0
991,2021-12-24 09:00:00,HOSE:HDB,27450.0,28700.0,27200.0,28700.0,3611775.0
992,2021-12-27 09:00:00,HOSE:HDB,29350.0,29550.0,28700.0,28750.0,4797100.0
993,2021-12-28 09:00:00,HOSE:HDB,28800.0,30750.0,28650.0,30500.0,8791500.0
994,2021-12-29 09:00:00,HOSE:HDB,30500.0,31400.0,30500.0,30600.0,6732400.0
995,2021-12-30 09:00:00,HOSE:HDB,30600.0,31150.0,30400.0,30600.0,4040700.0
996,2021-12-31 09:00:00,HOSE:HDB,30600.0,31900.0,30200.0,30850.0,7449000.0
997,2022-01-04 09:00:00,HOSE:HDB,31150.0,31750.0,31000.0,31100.0,6809800.0
998,2022-01-05 09:00:00,HOSE:HDB,31000.0,31250.0,30500.0,30500.0,6841200.0
999,2022-01-06 09:00:00,HOSE:HDB,30100.0,31050.0,29950.0,30500.0,6996900.0
1000,2022-01-07 09:00:00,HOSE:HDB,30500.0,30850.0,30250.0,30300.0,4097600.0
1001,2022-01-10 09:00:00,HOSE:HDB,30100.0,30600.0,29600.0,29600.0,6013700.0
1002,2022-01-11 09:00:00,HOSE:HDB,29500.0,30000.0,29000.0,29300.0,5017300.0
1003,2022-01-12 09:00:00,HOSE:HDB,29200.0,31200.0,29000.0,30950.0,5975800.0
1004,2022-01-13 09:00:00,HOSE:HDB,31300.0,32500.0,30800.0,30800.0,10634500.0
1005,2022-01-14 09:00:00,HOSE:HDB,30300.0,31000.0,30200.0,30600.0,2954300.0
1006,2022-01-17 09:00:00,HOSE:HDB,30800.0,31500.0,29000.0,29000.0,7744400.0
1007,2022-01-18 09:00:00,HOSE:HDB,29250.0,29900.0,28500.0,29550.0,4798700.0
1008,2022-01-19 09:00:00,HOSE:HDB,29550.0,29800.0,28700.0,28950.0,4156200.0
1009,2022-01-20 09:00:00,HOSE:HDB,28700.0,29450.0,28400.0,28900.0,4224200.0
1010,2022-01-21 09:00:00,HOSE:HDB,29000.0,30000.0,28800.0,29200.0,4024600.0
1011,2022-01-24 09:00:00,HOSE:HDB,29200.0,29800.0,28700.0,29000.0,4631300.0
1012,2022-01-25 09:00:00,HOSE:HDB,29000.0,30050.0,28950.0,30050.0,4307300.0
1013,2022-01-26 09:00:00,HOSE:HDB,30400.0,31500.0,30100.0,30700.0,9419600.0
1014,2022-01-27 09:00:00,HOSE:HDB,30700.0,31500.0,30500.0,30800.0,5298700.0
1015,2022-01-28 09:00:00,HOSE:HDB,30900.0,31300.0,30750.0,30900.0,4433000.0
1016,2022-02-07 09:00:00,HOSE:HDB,31400.0,31900.0,31100.0,31100.0,5636100.0
1017,2022-02-08 09:00:00,HOSE:HDB,31150.0,31800.0,30900.0,31400.0,8773600.0
1018,2022-02-09 09:00:00,HOSE:HDB,31700.0,32500.0,31500.0,31600.0,7762300.0
1019,2022-02-10 09:00:00,HOSE:HDB,31300.0,31650.0,30950.0,31500.0,10831800.0
1020,2022-02-11 09:00:00,HOSE:HDB,31400.0,31650.0,31100.0,31200.0,10692485.0
1021,2022-02-14 09:00:00,HOSE:HDB,30500.0,30800.0,29200.0,29200.0,15851700.0
1022,2022-02-15 09:00:00,HOSE:HDB,29200.0,29700.0,28850.0,29500.0,5535200.0
1023,2022-02-16 09:00:00,HOSE:HDB,29800.0,29850.0,29100.0,29250.0,4300300.0
1024,2022-02-17 09:00:00,HOSE:HDB,29400.0,29750.0,29200.0,29750.0,3130000.0
1025,2022-02-18 09:00:00,HOSE:HDB,29400.0,29600.0,29200.0,29500.0,3744200.0
1026,2022-02-21 09:00:00,HOSE:HDB,29300.0,29650.0,28850.0,29600.0,6166700.0
1027,2022-02-22 09:00:00,HOSE:HDB,29150.0,29650.0,28950.0,29550.0,4648000.0
1028,2022-02-23 09:00:00,HOSE:HDB,29600.0,29900.0,29500.0,29650.0,4830000.0
1029,2022-02-24 09:00:00,HOSE:HDB,29500.0,29550.0,28000.0,28800.0,14817600.0
1030,2022-02-25 09:00:00,HOSE:HDB,29200.0,29550.0,29100.0,29250.0,5617700.0
1031,2022-02-28 09:00:00,HOSE:HDB,29300.0,29350.0,28650.0,28800.0,5014200.0
1032,2022-03-01 09:00:00,HOSE:HDB,28800.0,28900.0,28350.0,28550.0,6802600.0
1033,2022-03-02 09:00:00,HOSE:HDB,28250.0,28400.0,27300.0,27350.0,11479300.0
1034,2022-03-03 09:00:00,HOSE:HDB,27700.0,28250.0,27300.0,28250.0,4099800.0
1035,2022-03-04 09:00:00,HOSE:HDB,28500.0,28500.0,28000.0,28000.0,3674300.0
1036,2022-03-07 09:00:00,HOSE:HDB,27700.0,27700.0,27150.0,27400.0,6996500.0
1037,2022-03-08 09:00:00,HOSE:HDB,27400.0,27600.0,27300.0,27350.0,4817700.0
1038,2022-03-09 09:00:00,HOSE:HDB,27300.0,27500.0,27000.0,27000.0,4310900.0
1039,2022-03-10 09:00:00,HOSE:HDB,27550.0,27550.0,26950.0,26950.0,4066000.0
1040,2022-03-11 09:00:00,HOSE:HDB,26950.0,27400.0,26900.0,27300.0,3126600.0
1041,2022-03-14 09:00:00,HOSE:HDB,27250.0,27350.0,26950.0,27100.0,2358200.0
1042,2022-03-15 09:00:00,HOSE:HDB,27150.0,27450.0,27100.0,27200.0,2024200.0
1043,2022-03-16 09:00:00,HOSE:HDB,27400.0,27400.0,27000.0,27150.0,3940400.0
1044,2022-03-17 09:00:00,HOSE:HDB,27450.0,27800.0,27250.0,27500.0,3335700.0
1045,2022-03-18 09:00:00,HOSE:HDB,27850.0,28150.0,27600.0,27600.0,2331600.0
1046,2022-03-21 09:00:00,HOSE:HDB,27600.0,28300.0,27600.0,28300.0,3411200.0
1047,2022-03-22 09:00:00,HOSE:HDB,28450.0,28500.0,28150.0,28300.0,3100400.0
1048,2022-03-23 09:00:00,HOSE:HDB,28400.0,28500.0,28000.0,28000.0,2676600.0
1049,2022-03-24 09:00:00,HOSE:HDB,28000.0,28300.0,27800.0,28100.0,2613200.0
1050,2022-03-25 09:00:00,HOSE:HDB,28100.0,28200.0,27950.0,27950.0,2854000.0
1051,2022-03-28 09:00:00,HOSE:HDB,27700.0,28200.0,27300.0,27400.0,3584183.0
1052,2022-03-29 09:00:00,HOSE:HDB,27450.0,27700.0,27250.0,27550.0,1870800.0
1053,2022-03-30 09:00:00,HOSE:HDB,27700.0,28400.0,27600.0,28300.0,5840700.0
1054,2022-03-31 09:00:00,HOSE:HDB,28650.0,28700.0,28150.0,28350.0,2562900.0
1055,2022-04-01 09:00:00,HOSE:HDB,28100.0,29450.0,28000.0,29450.0,7640400.0
1056,2022-04-04 09:00:00,HOSE:HDB,29900.0,29900.0,29000.0,29100.0,5171400.0
1057,2022-04-05 09:00:00,HOSE:HDB,29100.0,29500.0,28750.0,28750.0,2582700.0
1058,2022-04-06 09:00:00,HOSE:HDB,28600.0,29250.0,28550.0,29000.0,4700400.0
1059,2022-04-07 09:00:00,HOSE:HDB,29150.0,29500.0,28900.0,28900.0,6900400.0
1060,2022-04-08 09:00:00,HOSE:HDB,29000.0,29250.0,28250.0,28250.0,2482900.0
1061,2022-04-12 09:00:00,HOSE:HDB,28250.0,28300.0,27600.0,27800.0,3126000.0
1062,2022-04-13 09:00:00,HOSE:HDB,27800.0,28250.0,27500.0,28000.0,3434900.0
1063,2022-04-14 09:00:00,HOSE:HDB,28000.0,28100.0,27300.0,27300.0,3783800.0
1064,2022-04-15 09:00:00,HOSE:HDB,27300.0,27500.0,26250.0,26300.0,5895200.0
